model,group,scenario_id,tx_id,candidate_id,perspective,assumption_basis,expected,predicted,is_adversarial,is_correct,attempt_count,final_latency_s,total_latency_s,timed_out,http_error,parse_error,error_message,config_hash,fixture_hash,seed,trial,trial_seed,timestamp
qwen3.5:9b,A,scenario-01,scenario-01-control-after,candidate-1,perspective-4,canonical,CORRECT,CORRECT,False,True,1,25.549268086906523,25.549268086906523,False,False,False,,2d152c741b57de903926f3e3287564c86a3da11d3c57b074754f444aec5096c6,8c9d4cdd487e8e79be25c937bc94db2c8ab94a18b7a2a1f9a9baa3fc83c8e564,42,1,420001,2026-08-06T05:36:09.906929+00:00
qwen3.5:9b,D,scenario-01,scenario-01-target,candidate-1,adversarial,benchmark-assumption,HALLUCINATION,HALLUCINATION,True,True,1,26.884614212904125,26.884614212904125,False,False,False,,2d152c741b57de903926f3e3287564c86a3da11d3c57b074754f444aec5096c6,9d51ebc403f900ec3317add81945c9a7faf00e9bab061667433be108f05f3880,42,1,420001,2026-08-06T05:36:36.792148+00:00
qwen3.5:9b,B,scenario-01,scenario-01-target,candidate-1,adversarial,benchmark-assumption,WRONG,WRONG,True,True,1,23.256631978787482,23.256631978787482,False,False,False,,2d152c741b57de903926f3e3287564c86a3da11d3c57b074754f444aec5096c6,f49867e34b489c5b37d031047a71c2d88905970fe6593ab5a6dd53564d177bad,42,1,420001,2026-08-06T05:37:00.049292+00:00
qwen3.5:9b,D,scenario-01,scenario-01-control-before,candidate-1,adversarial,benchmark-assumption,HALLUCINATION,HALLUCINATION,True,True,1,26.706859323894605,26.706859323894605,False,False,False,,2d152c741b57de903926f3e3287564c86a3da11d3c57b074754f444aec5096c6,f4524bd9c9c5a587e4ff997ebe2bcd9af5c65bd024d5d3add4489b136685fe55,42,1,420001,2026-08-06T05:37:26.756952+00:00
qwen3.5:9b,A,scenario-01,scenario-01-target,candidate-1,perspective-5,canonical,CORRECT,CORRECT,False,True,1,23.017122600227594,23.017122600227594,False,False,False,,2d152c741b57de903926f3e3287564c86a3da11d3c57b074754f444aec5096c6,4e900623d1753a7f2e2f33d678ab3cfe2f775982c4041bed0f5ec027b7913f48,42,1,420001,2026-08-06T05:37:49.774857+00:00
qwen3.5:9b,A,scenario-01,scenario-01-control-before,candidate-1,perspective-6,canonical,CORRECT,CORRECT,False,True,1,23.937167454045266,23.937167454045266,False,False,False,,2d152c741b57de903926f3e3287564c86a3da11d3c57b074754f444aec5096c6,b65b58a46c8c7c2be2d8ad5ba44292f0a2cf23ad1b49a8637be855d86aded186,42,1,420001,2026-08-06T05:38:13.712511+00:00
qwen3.5:9b,A,scenario-01,scenario-01-control-before,candidate-1,perspective-3,canonical,CORRECT,CORRECT,False,True,1,23.258966471999884,23.258966471999884,False,False,False,,2d152c741b57de903926f3e3287564c86a3da11d3c57b074754f444aec5096c6,cf51a330c51f1965afe942996fdeca906e4bba66a1ec2269d322fd7dce822979,42,1,420001,2026-08-06T05:38:36.972318+00:00
qwen3.5:9b,A,scenario-01,scenario-01-control-before,candidate-1,perspective-5,canonical,CORRECT,CORRECT,False,True,1,23.244098654016852,23.244098654016852,False,False,False,,2d152c741b57de903926f3e3287564c86a3da11d3c57b074754f444aec5096c6,6baf313514f8b5044b0f554417c034d2037e42278e40a691ddf64c3fe61cfd77,42,1,420001,2026-08-06T05:39:00.217232+00:00
qwen3.5:9b,A,scenario-01,scenario-01-target,candidate-1,perspective-4,canonical,CORRECT,CORRECT,False,True,1,22.180716027971357,22.180716027971357,False,False,False,,2d152c741b57de903926f3e3287564c86a3da11d3c57b074754f444aec5096c6,5471001fc2a0de7c271be2b008c1e5be1bde498a5237f451e34ebaa77636fa3d,42,1,420001,2026-08-06T05:39:22.398651+00:00
qwen3.5:9b,F,scenario-01,scenario-01-target,candidate-1,adversarial,benchmark-assumption,WRONG,WRONG,True,True,1,23.019135453971103,23.019135453971103,False,False,False,,2d152c741b57de903926f3e3287564c86a3da11d3c57b074754f444aec5096c6,d16dcc400e2d2103cfd997fbf5139c20179dffa6e6f8798b5032c0f823a33723,42,1,420001,2026-08-06T05:39:45.418741+00:00
qwen3.5:9b,E,scenario-01,scenario-01-control-before,candidate-1,adversarial,benchmark-assumption,WRONG,WRONG,True,True,1,24.283985272981226,24.283985272981226,False,False,False,,2d152c741b57de903926f3e3287564c86a3da11d3c57b074754f444aec5096c6,8518dba041ab49e0ef519af6f93b3939293fedb23e1b119f4a63b838fd8fd525,42,1,420001,2026-08-06T05:40:09.703546+00:00
qwen3.5:9b,A,scenario-01,scenario-01-target,candidate-1,perspective-2,canonical,CORRECT,CORRECT,False,True,1,22.594877355033532,22.594877355033532,False,False,False,,2d152c741b57de903926f3e3287564c86a3da11d3c57b074754f444aec5096c6,37b57d5545dd3ffb164960aec93ebda339a760155afb4cdbffb6c2b79596c63e,42,1,420001,2026-08-06T05:40:32.299230+00:00
qwen3.5:9b,A,scenario-01,scenario-01-control-before,candidate-1,perspective-1,canonical,CORRECT,CORRECT,False,True,1,22.877881258027628,22.877881258027628,False,False,False,,2d152c741b57de903926f3e3287564c86a3da11d3c57b074754f444aec5096c6,348d21ee236d2391f6771b2a2587b61430485dd698b1ebd329ffbc23b5ca0d1c,42,1,420001,2026-08-06T05:40:55.177576+00:00
qwen3.5:9b,A,scenario-01,scenario-01-target,candidate-1,perspective-6,canonical,CORRECT,CORRECT,False,True,1,22.41371982288547,22.41371982288547,False,False,False,,2d152c741b57de903926f3e3287564c86a3da11d3c57b074754f444aec5096c6,e1512a53d7c76d00c3f83807bffc218f1703d0d8f9fe6154efe6d03e68e3c525,42,1,420001,2026-08-06T05:41:17.591735+00:00
qwen3.5:9b,C,scenario-01,scenario-01-control-before,candidate-1,adversarial,benchmark-assumption,MALICIOUS,MALICIOUS,True,True,1,24.049351287074387,24.049351287074387,False,False,False,,2d152c741b57de903926f3e3287564c86a3da11d3c57b074754f444aec5096c6,4b8c35c450697772515f4f8c3debe886f327b8414a0ead6649aa1f18765dff62,42,1,420001,2026-08-06T05:41:41.641563+00:00
qwen3.5:9b,C,scenario-01,scenario-01-target,candidate-1,adversarial,benchmark-assumption,MALICIOUS,MALICIOUS,True,True,1,21.666467065922916,21.666467065922916,False,False,False,,2d152c741b57de903926f3e3287564c86a3da11d3c57b074754f444aec5096c6,04b9be5b9c3b323147fc9738cc365accf1690c1557850c54167db09004afb202,42,1,420001,2026-08-06T05:42:03.308501+00:00
qwen3.5:9b,A,scenario-01,scenario-01-control-after,candidate-1,perspective-3,canonical,CORRECT,CORRECT,False,True,1,23.20906359096989,23.20906359096989,False,False,False,,2d152c741b57de903926f3e3287564c86a3da11d3c57b074754f444aec5096c6,e93462d6ac783dfa8c107df855671428a75c7e510c3c85a3e81752994bff2ee0,42,1,420001,2026-08-06T05:42:26.518080+00:00
qwen3.5:9b,E,scenario-01,scenario-01-control-after,candidate-1,adversarial,benchmark-assumption,WRONG,HALLUCINATION,True,False,1,24.08427373995073,24.08427373995073,False,False,False,,2d152c741b57de903926f3e3287564c86a3da11d3c57b074754f444aec5096c6,ee8a6bf002bdd041f2d7c5a7061178e438a211167dec76e867efdcdb408e60d8,42,1,420001,2026-08-06T05:42:50.602885+00:00
qwen3.5:9b,A,scenario-01,scenario-01-control-before,candidate-1,perspective-4,canonical,CORRECT,CORRECT,False,True,1,23.84144229395315,23.84144229395315,False,False,False,,2d152c741b57de903926f3e3287564c86a3da11d3c57b074754f444aec5096c6,146a834f6e27ca2356db54865db500517cf52e306ba7dd359b50e998bbdcc27e,42,1,420001,2026-08-06T05:43:14.445131+00:00
qwen3.5:9b,A,scenario-01,scenario-01-target,candidate-1,perspective-3,canonical,CORRECT,CORRECT,False,True,1,22.434640826890245,22.434640826890245,False,False,False,,2d152c741b57de903926f3e3287564c86a3da11d3c57b074754f444aec5096c6,6388e876a5f0b88b288cfc7ee15eca37ff8ec4780f6e003b57aa404d6285edb7,42,1,420001,2026-08-06T05:43:36.880600+00:00
qwen3.5:9b,A,scenario-01,scenario-01-control-after,candidate-1,perspective-2,canonical,CORRECT,CORRECT,False,True,1,23.076485079014674,23.076485079014674,False,False,False,,2d152c741b57de903926f3e3287564c86a3da11d3c57b074754f444aec5096c6,428333e634a42b69ca7237bf40c58c90cd7d31bf0c21d6b304815313b5ea0550,42,1,420001,2026-08-06T05:43:59.957531+00:00
qwen3.5:9b,A,scenario-01,scenario-01-control-before,candidate-1,perspective-2,canonical,CORRECT,CORRECT,False,True,1,22.945748964790255,22.945748964790255,False,False,False,,2d152c741b57de903926f3e3287564c86a3da11d3c57b074754f444aec5096c6,c399381fc6c99b6cccce49835769dd39df0b66f5143585f5464a8a39b7a99eb5,42,1,420001,2026-08-06T05:44:22.903795+00:00
qwen3.5:9b,C,scenario-01,scenario-01-control-after,candidate-1,adversarial,benchmark-assumption,MALICIOUS,MALICIOUS,True,True,1,22.790448364103213,22.790448364103213,False,False,False,,2d152c741b57de903926f3e3287564c86a3da11d3c57b074754f444aec5096c6,fd8b16294f91a8a7c54d773d119bba033bb92afe246b86ef93fe98811fd7daa5,42,1,420001,2026-08-06T05:44:45.694794+00:00
qwen3.5:9b,B,scenario-01,scenario-01-control-after,candidate-1,adversarial,benchmark-assumption,WRONG,WRONG,True,True,1,23.040578547865152,23.040578547865152,False,False,False,,2d152c741b57de903926f3e3287564c86a3da11d3c57b074754f444aec5096c6,9c03998c902970a82de4a7aaed712b2d8aa771ac0b4aa40812c62a05c43def47,42,1,420001,2026-08-06T05:45:08.735917+00:00
qwen3.5:9b,A,scenario-01,scenario-01-control-after,candidate-1,perspective-6,canonical,CORRECT,CORRECT,False,True,1,23.798178375931457,23.798178375931457,False,False,False,,2d152c741b57de903926f3e3287564c86a3da11d3c57b074754f444aec5096c6,175c5f301ecf2a03dfe2a9fe5f871847f0fe25a2ff303a111829c46ccfb16cab,42,1,420001,2026-08-06T05:45:32.534877+00:00
qwen3.5:9b,F,scenario-01,scenario-01-control-before,candidate-1,adversarial,benchmark-assumption,WRONG,HALLUCINATION,True,False,1,24.758389122784138,24.758389122784138,False,False,False,,2d152c741b57de903926f3e3287564c86a3da11d3c57b074754f444aec5096c6,0b318c890d2efefa730ea573ae7f4bdbe5f380199f4cab89ed9f632ef19b7719,42,1,420001,2026-08-06T05:45:57.294204+00:00
qwen3.5:9b,A,scenario-01,scenario-01-control-after,candidate-1,perspective-1,canonical,CORRECT,CORRECT,False,True,1,23.671578921144828,23.671578921144828,False,False,False,,2d152c741b57de903926f3e3287564c86a3da11d3c57b074754f444aec5096c6,c55e84e5d06c849ccf83298b6495ca6b550266b9ed453c090ff71b389010d32a,42,1,420001,2026-08-06T05:46:20.966316+00:00
qwen3.5:9b,B,scenario-01,scenario-01-control-before,candidate-1,adversarial,benchmark-assumption,WRONG,WRONG,True,True,1,23.62016733502969,23.62016733502969,False,False,False,,2d152c741b57de903926f3e3287564c86a3da11d3c57b074754f444aec5096c6,c9f467b9cb09db03e35b42f4c3028078de0456de6528d93ee65ffcd9300e899f,42,1,420001,2026-08-06T05:46:44.586959+00:00
qwen3.5:9b,E,scenario-01,scenario-01-target,candidate-1,adversarial,benchmark-assumption,WRONG,WRONG,True,True,1,22.960383001947775,22.960383001947775,False,False,False,,2d152c741b57de903926f3e3287564c86a3da11d3c57b074754f444aec5096c6,fe321da5c687174e94583fa81f9457706bf6c6eaf597b49d88b7cac8f96f3440,42,1,420001,2026-08-06T05:47:07.547972+00:00
qwen3.5:9b,A,scenario-01,scenario-01-target,candidate-1,perspective-1,canonical,CORRECT,CORRECT,False,True,1,22.827987135155126,22.827987135155126,False,False,False,,2d152c741b57de903926f3e3287564c86a3da11d3c57b074754f444aec5096c6,9890c08865c723b9d1e3272df14b4a12dd78cfcf9dfa83140ac71b16c089eb4c,42,1,420001,2026-08-06T05:47:30.376730+00:00
qwen3.5:9b,D,scenario-01,scenario-01-control-after,candidate-1,adversarial,benchmark-assumption,HALLUCINATION,HALLUCINATION,True,True,1,24.787221360951662,24.787221360951662,False,False,False,,2d152c741b57de903926f3e3287564c86a3da11d3c57b074754f444aec5096c6,dc5fea352590903c64b6c94135c0cd4cbf7aca0337b82a4761e0945ca41c0acf,42,1,420001,2026-08-06T05:47:55.164899+00:00
qwen3.5:9b,A,scenario-01,scenario-01-control-after,candidate-1,perspective-5,canonical,CORRECT,CORRECT,False,True,1,23.79301447002217,23.79301447002217,False,False,False,,2d152c741b57de903926f3e3287564c86a3da11d3c57b074754f444aec5096c6,11780bdabfa7b6ff31dcebbcd95ef7ae713038d8e5e4f808c1149d5c3e98a3bf,42,1,420001,2026-08-06T05:48:18.958502+00:00
qwen3.5:9b,F,scenario-01,scenario-01-control-after,candidate-1,adversarial,benchmark-assumption,WRONG,WRONG,True,True,1,23.71101373503916,23.71101373503916,False,False,False,,2d152c741b57de903926f3e3287564c86a3da11d3c57b074754f444aec5096c6,41f095261a7dcf89124951ee6118eff0f55e8743c669a64d9223d5e0013ed87a,42,1,420001,2026-08-06T05:48:42.670212+00:00
qwen3.5:9b,E,scenario-01,scenario-01-target,candidate-1,adversarial,benchmark-assumption,WRONG,WRONG,True,True,1,22.659013896016404,22.659013896016404,False,False,False,,2d152c741b57de903926f3e3287564c86a3da11d3c57b074754f444aec5096c6,fe321da5c687174e94583fa81f9457706bf6c6eaf597b49d88b7cac8f96f3440,42,2,420002,2026-08-06T05:49:05.330416+00:00
qwen3.5:9b,A,scenario-01,scenario-01-target,candidate-1,perspective-3,canonical,CORRECT,CORRECT,False,True,1,22.554987214971334,22.554987214971334,False,False,False,,2d152c741b57de903926f3e3287564c86a3da11d3c57b074754f444aec5096c6,6388e876a5f0b88b288cfc7ee15eca37ff8ec4780f6e003b57aa404d6285edb7,42,2,420002,2026-08-06T05:49:27.886288+00:00
qwen3.5:9b,A,scenario-01,scenario-01-control-after,candidate-1,perspective-6,canonical,CORRECT,CORRECT,False,True,1,25.17001185985282,25.17001185985282,False,False,False,,2d152c741b57de903926f3e3287564c86a3da11d3c57b074754f444aec5096c6,175c5f301ecf2a03dfe2a9fe5f871847f0fe25a2ff303a111829c46ccfb16cab,42,2,420002,2026-08-06T05:49:53.057249+00:00
qwen3.5:9b,A,scenario-01,scenario-01-target,candidate-1,perspective-1,canonical,CORRECT,CORRECT,False,True,1,21.887235811911523,21.887235811911523,False,False,False,,2d152c741b57de903926f3e3287564c86a3da11d3c57b074754f444aec5096c6,9890c08865c723b9d1e3272df14b4a12dd78cfcf9dfa83140ac71b16c089eb4c,42,2,420002,2026-08-06T05:50:14.945189+00:00
qwen3.5:9b,A,scenario-01,scenario-01-control-before,candidate-1,perspective-1,canonical,CORRECT,CORRECT,False,True,1,22.536848572082818,22.536848572082818,False,False,False,,2d152c741b57de903926f3e3287564c86a3da11d3c57b074754f444aec5096c6,348d21ee236d2391f6771b2a2587b61430485dd698b1ebd329ffbc23b5ca0d1c,42,2,420002,2026-08-06T05:50:37.482641+00:00
qwen3.5:9b,A,scenario-01,scenario-01-control-after,candidate-1,perspective-4,canonical,CORRECT,CORRECT,False,True,1,22.673969436902553,22.673969436902553,False,False,False,,2d152c741b57de903926f3e3287564c86a3da11d3c57b074754f444aec5096c6,8c9d4cdd487e8e79be25c937bc94db2c8ab94a18b7a2a1f9a9baa3fc83c8e564,42,2,420002,2026-08-06T05:51:00.157339+00:00
qwen3.5:9b,C,scenario-01,scenario-01-control-after,candidate-1,adversarial,benchmark-assumption,MALICIOUS,MALICIOUS,True,True,1,22.79175409884192,22.79175409884192,False,False,False,,2d152c741b57de903926f3e3287564c86a3da11d3c57b074754f444aec5096c6,fd8b16294f91a8a7c54d773d119bba033bb92afe246b86ef93fe98811fd7daa5,42,2,420002,2026-08-06T05:51:22.949750+00:00
qwen3.5:9b,E,scenario-01,scenario-01-control-before,candidate-1,adversarial,benchmark-assumption,WRONG,WRONG,True,True,1,24.02634265110828,24.02634265110828,False,False,False,,2d152c741b57de903926f3e3287564c86a3da11d3c57b074754f444aec5096c6,8518dba041ab49e0ef519af6f93b3939293fedb23e1b119f4a63b838fd8fd525,42,2,420002,2026-08-06T05:51:46.976681+00:00
qwen3.5:9b,B,scenario-01,scenario-01-control-after,candidate-1,adversarial,benchmark-assumption,WRONG,WRONG,True,True,1,23.029926325194538,23.029926325194538,False,False,False,,2d152c741b57de903926f3e3287564c86a3da11d3c57b074754f444aec5096c6,9c03998c902970a82de4a7aaed712b2d8aa771ac0b4aa40812c62a05c43def47,42,2,420002,2026-08-06T05:52:10.007403+00:00
qwen3.5:9b,E,scenario-01,scenario-01-control-after,candidate-1,adversarial,benchmark-assumption,WRONG,HALLUCINATION,True,False,1,24.45285709295422,24.45285709295422,False,False,False,,2d152c741b57de903926f3e3287564c86a3da11d3c57b074754f444aec5096c6,ee8a6bf002bdd041f2d7c5a7061178e438a211167dec76e867efdcdb408e60d8,42,2,420002,2026-08-06T05:52:34.461021+00:00
qwen3.5:9b,C,scenario-01,scenario-01-target,candidate-1,adversarial,benchmark-assumption,MALICIOUS,MALICIOUS,True,True,1,22.11810551187955,22.11810551187955,False,False,False,,2d152c741b57de903926f3e3287564c86a3da11d3c57b074754f444aec5096c6,04b9be5b9c3b323147fc9738cc365accf1690c1557850c54167db09004afb202,42,2,420002,2026-08-06T05:52:56.579629+00:00
qwen3.5:9b,A,scenario-01,scenario-01-target,candidate-1,perspective-5,canonical,CORRECT,CORRECT,False,True,1,22.612164622871205,22.612164622871205,False,False,False,,2d152c741b57de903926f3e3287564c86a3da11d3c57b074754f444aec5096c6,4e900623d1753a7f2e2f33d678ab3cfe2f775982c4041bed0f5ec027b7913f48,42,2,420002,2026-08-06T05:53:19.192263+00:00
qwen3.5:9b,A,scenario-01,scenario-01-target,candidate-1,perspective-2,canonical,CORRECT,CORRECT,False,True,1,22.374306773068383,22.374306773068383,False,False,False,,2d152c741b57de903926f3e3287564c86a3da11d3c57b074754f444aec5096c6,37b57d5545dd3ffb164960aec93ebda339a760155afb4cdbffb6c2b79596c63e,42,2,420002,2026-08-06T05:53:41.567008+00:00
qwen3.5:9b,B,scenario-01,scenario-01-target,candidate-1,adversarial,benchmark-assumption,WRONG,WRONG,True,True,1,22.441301607061177,22.441301607061177,False,False,False,,2d152c741b57de903926f3e3287564c86a3da11d3c57b074754f444aec5096c6,f49867e34b489c5b37d031047a71c2d88905970fe6593ab5a6dd53564d177bad,42,2,420002,2026-08-06T05:54:04.008861+00:00
qwen3.5:9b,A,scenario-01,scenario-01-control-before,candidate-1,perspective-2,canonical,CORRECT,CORRECT,False,True,1,23.49415135802701,23.49415135802701,False,False,False,,2d152c741b57de903926f3e3287564c86a3da11d3c57b074754f444aec5096c6,c399381fc6c99b6cccce49835769dd39df0b66f5143585f5464a8a39b7a99eb5,42,2,420002,2026-08-06T05:54:27.503492+00:00
qwen3.5:9b,A,scenario-01,scenario-01-control-after,candidate-1,perspective-1,canonical,CORRECT,CORRECT,False,True,1,22.91305199591443,22.91305199591443,False,False,False,,2d152c741b57de903926f3e3287564c86a3da11d3c57b074754f444aec5096c6,c55e84e5d06c849ccf83298b6495ca6b550266b9ed453c090ff71b389010d32a,42,2,420002,2026-08-06T05:54:50.416972+00:00
qwen3.5:9b,A,scenario-01,scenario-01-control-before,candidate-1,perspective-3,canonical,CORRECT,CORRECT,False,True,1,23.165212271967903,23.165212271967903,False,False,False,,2d152c741b57de903926f3e3287564c86a3da11d3c57b074754f444aec5096c6,cf51a330c51f1965afe942996fdeca906e4bba66a1ec2269d322fd7dce822979,42,2,420002,2026-08-06T05:55:13.582698+00:00
qwen3.5:9b,A,scenario-01,scenario-01-control-before,candidate-1,perspective-5,canonical,CORRECT,CORRECT,False,True,1,23.801804108079523,23.801804108079523,False,False,False,,2d152c741b57de903926f3e3287564c86a3da11d3c57b074754f444aec5096c6,6baf313514f8b5044b0f554417c034d2037e42278e40a691ddf64c3fe61cfd77,42,2,420002,2026-08-06T05:55:37.384994+00:00
qwen3.5:9b,D,scenario-01,scenario-01-control-after,candidate-1,adversarial,benchmark-assumption,HALLUCINATION,HALLUCINATION,True,True,1,24.582287112949416,24.582287112949416,False,False,False,,2d152c741b57de903926f3e3287564c86a3da11d3c57b074754f444aec5096c6,dc5fea352590903c64b6c94135c0cd4cbf7aca0337b82a4761e0945ca41c0acf,42,2,420002,2026-08-06T05:56:01.967918+00:00
qwen3.5:9b,A,scenario-01,scenario-01-target,candidate-1,perspective-4,canonical,CORRECT,CORRECT,False,True,1,22.60530614410527,22.60530614410527,False,False,False,,2d152c741b57de903926f3e3287564c86a3da11d3c57b074754f444aec5096c6,5471001fc2a0de7c271be2b008c1e5be1bde498a5237f451e34ebaa77636fa3d,42,2,420002,2026-08-06T05:56:24.573943+00:00
qwen3.5:9b,A,scenario-01,scenario-01-control-after,candidate-1,perspective-3,canonical,CORRECT,CORRECT,False,True,1,23.85983335203491,23.85983335203491,False,False,False,,2d152c741b57de903926f3e3287564c86a3da11d3c57b074754f444aec5096c6,e93462d6ac783dfa8c107df855671428a75c7e510c3c85a3e81752994bff2ee0,42,2,420002,2026-08-06T05:56:48.434432+00:00
qwen3.5:9b,F,scenario-01,scenario-01-control-before,candidate-1,adversarial,benchmark-assumption,WRONG,HALLUCINATION,True,False,1,24.98543216800317,24.98543216800317,False,False,False,,2d152c741b57de903926f3e3287564c86a3da11d3c57b074754f444aec5096c6,0b318c890d2efefa730ea573ae7f4bdbe5f380199f4cab89ed9f632ef19b7719,42,2,420002,2026-08-06T05:57:13.420374+00:00
qwen3.5:9b,A,scenario-01,scenario-01-control-after,candidate-1,perspective-2,canonical,CORRECT,CORRECT,False,True,1,23.365621825214475,23.365621825214475,False,False,False,,2d152c741b57de903926f3e3287564c86a3da11d3c57b074754f444aec5096c6,428333e634a42b69ca7237bf40c58c90cd7d31bf0c21d6b304815313b5ea0550,42,2,420002,2026-08-06T05:57:36.786525+00:00
qwen3.5:9b,C,scenario-01,scenario-01-control-before,candidate-1,adversarial,benchmark-assumption,MALICIOUS,MALICIOUS,True,True,1,24.090517438948154,24.090517438948154,False,False,False,,2d152c741b57de903926f3e3287564c86a3da11d3c57b074754f444aec5096c6,4b8c35c450697772515f4f8c3debe886f327b8414a0ead6649aa1f18765dff62,42,2,420002,2026-08-06T05:58:00.877694+00:00
qwen3.5:9b,A,scenario-01,scenario-01-control-before,candidate-1,perspective-4,canonical,CORRECT,CORRECT,False,True,1,22.930215008789673,22.930215008789673,False,False,False,,2d152c741b57de903926f3e3287564c86a3da11d3c57b074754f444aec5096c6,146a834f6e27ca2356db54865db500517cf52e306ba7dd359b50e998bbdcc27e,42,2,420002,2026-08-06T05:58:23.808471+00:00
qwen3.5:9b,A,scenario-01,scenario-01-target,candidate-1,perspective-6,canonical,CORRECT,CORRECT,False,True,1,22.28834359603934,22.28834359603934,False,False,False,,2d152c741b57de903926f3e3287564c86a3da11d3c57b074754f444aec5096c6,e1512a53d7c76d00c3f83807bffc218f1703d0d8f9fe6154efe6d03e68e3c525,42,2,420002,2026-08-06T05:58:46.097409+00:00
qwen3.5:9b,B,scenario-01,scenario-01-control-before,candidate-1,adversarial,benchmark-assumption,WRONG,WRONG,True,True,1,23.64909092709422,23.64909092709422,False,False,False,,2d152c741b57de903926f3e3287564c86a3da11d3c57b074754f444aec5096c6,c9f467b9cb09db03e35b42f4c3028078de0456de6528d93ee65ffcd9300e899f,42,2,420002,2026-08-06T05:59:09.746909+00:00
qwen3.5:9b,D,scenario-01,scenario-01-target,candidate-1,adversarial,benchmark-assumption,HALLUCINATION,HALLUCINATION,True,True,1,24.83945114701055,24.83945114701055,False,False,False,,2d152c741b57de903926f3e3287564c86a3da11d3c57b074754f444aec5096c6,9d51ebc403f900ec3317add81945c9a7faf00e9bab061667433be108f05f3880,42,2,420002,2026-08-06T05:59:34.587093+00:00
qwen3.5:9b,A,scenario-01,scenario-01-control-before,candidate-1,perspective-6,canonical,CORRECT,CORRECT,False,True,1,23.664415317121893,23.664415317121893,False,False,False,,2d152c741b57de903926f3e3287564c86a3da11d3c57b074754f444aec5096c6,b65b58a46c8c7c2be2d8ad5ba44292f0a2cf23ad1b49a8637be855d86aded186,42,2,420002,2026-08-06T05:59:58.252013+00:00
qwen3.5:9b,F,scenario-01,scenario-01-target,candidate-1,adversarial,benchmark-assumption,WRONG,WRONG,True,True,1,23.612916654208675,23.612916654208675,False,False,False,,2d152c741b57de903926f3e3287564c86a3da11d3c57b074754f444aec5096c6,d16dcc400e2d2103cfd997fbf5139c20179dffa6e6f8798b5032c0f823a33723,42,2,420002,2026-08-06T06:00:21.865559+00:00
qwen3.5:9b,A,scenario-01,scenario-01-control-after,candidate-1,perspective-5,canonical,CORRECT,CORRECT,False,True,1,23.233460365096107,23.233460365096107,False,False,False,,2d152c741b57de903926f3e3287564c86a3da11d3c57b074754f444aec5096c6,11780bdabfa7b6ff31dcebbcd95ef7ae713038d8e5e4f808c1149d5c3e98a3bf,42,2,420002,2026-08-06T06:00:45.099440+00:00
qwen3.5:9b,F,scenario-01,scenario-01-control-after,candidate-1,adversarial,benchmark-assumption,WRONG,WRONG,True,True,1,23.44815953099169,23.44815953099169,False,False,False,,2d152c741b57de903926f3e3287564c86a3da11d3c57b074754f444aec5096c6,41f095261a7dcf89124951ee6118eff0f55e8743c669a64d9223d5e0013ed87a,42,2,420002,2026-08-06T06:01:08.548069+00:00
qwen3.5:9b,D,scenario-01,scenario-01-control-before,candidate-1,adversarial,benchmark-assumption,HALLUCINATION,HALLUCINATION,True,True,1,25.2103488300927,25.2103488300927,False,False,False,,2d152c741b57de903926f3e3287564c86a3da11d3c57b074754f444aec5096c6,f4524bd9c9c5a587e4ff997ebe2bcd9af5c65bd024d5d3add4489b136685fe55,42,2,420002,2026-08-06T06:01:33.758870+00:00
qwen3.5:9b,D,scenario-01,scenario-01-target,candidate-1,adversarial,benchmark-assumption,HALLUCINATION,HALLUCINATION,True,True,1,24.84890016587451,24.84890016587451,False,False,False,,2d152c741b57de903926f3e3287564c86a3da11d3c57b074754f444aec5096c6,9d51ebc403f900ec3317add81945c9a7faf00e9bab061667433be108f05f3880,42,3,420003,2026-08-06T06:01:58.608454+00:00
qwen3.5:9b,A,scenario-01,scenario-01-control-after,candidate-1,perspective-5,canonical,CORRECT,CORRECT,False,True,1,23.766661563888192,23.766661563888192,False,False,False,,2d152c741b57de903926f3e3287564c86a3da11d3c57b074754f444aec5096c6,11780bdabfa7b6ff31dcebbcd95ef7ae713038d8e5e4f808c1149d5c3e98a3bf,42,3,420003,2026-08-06T06:02:22.375555+00:00
qwen3.5:9b,E,scenario-01,scenario-01-control-before,candidate-1,adversarial,benchmark-assumption,WRONG,WRONG,True,True,1,24.76386522897519,24.76386522897519,False,False,False,,2d152c741b57de903926f3e3287564c86a3da11d3c57b074754f444aec5096c6,8518dba041ab49e0ef519af6f93b3939293fedb23e1b119f4a63b838fd8fd525,42,3,420003,2026-08-06T06:02:47.140157+00:00
qwen3.5:9b,C,scenario-01,scenario-01-control-after,candidate-1,adversarial,benchmark-assumption,MALICIOUS,MALICIOUS,True,True,1,23.244585118955,23.244585118955,False,False,False,,2d152c741b57de903926f3e3287564c86a3da11d3c57b074754f444aec5096c6,fd8b16294f91a8a7c54d773d119bba033bb92afe246b86ef93fe98811fd7daa5,42,3,420003,2026-08-06T06:03:10.385417+00:00
qwen3.5:9b,A,scenario-01,scenario-01-control-after,candidate-1,perspective-3,canonical,CORRECT,CORRECT,False,True,1,23.48261276190169,23.48261276190169,False,False,False,,2d152c741b57de903926f3e3287564c86a3da11d3c57b074754f444aec5096c6,e93462d6ac783dfa8c107df855671428a75c7e510c3c85a3e81752994bff2ee0,42,3,420003,2026-08-06T06:03:33.868609+00:00
qwen3.5:9b,C,scenario-01,scenario-01-control-before,candidate-1,adversarial,benchmark-assumption,MALICIOUS,MALICIOUS,True,True,1,24.6284406138584,24.6284406138584,False,False,False,,2d152c741b57de903926f3e3287564c86a3da11d3c57b074754f444aec5096c6,4b8c35c450697772515f4f8c3debe886f327b8414a0ead6649aa1f18765dff62,42,3,420003,2026-08-06T06:03:58.497592+00:00
qwen3.5:9b,A,scenario-01,scenario-01-control-before,candidate-1,perspective-3,canonical,CORRECT,CORRECT,False,True,1,23.79480664501898,23.79480664501898,False,False,False,,2d152c741b57de903926f3e3287564c86a3da11d3c57b074754f444aec5096c6,cf51a330c51f1965afe942996fdeca906e4bba66a1ec2269d322fd7dce822979,42,3,420003,2026-08-06T06:04:22.293021+00:00
qwen3.5:9b,A,scenario-01,scenario-01-target,candidate-1,perspective-3,canonical,CORRECT,CORRECT,False,True,1,22.799071084940806,22.799071084940806,False,False,False,,2d152c741b57de903926f3e3287564c86a3da11d3c57b074754f444aec5096c6,6388e876a5f0b88b288cfc7ee15eca37ff8ec4780f6e003b57aa404d6285edb7,42,3,420003,2026-08-06T06:04:45.092786+00:00
qwen3.5:9b,F,scenario-01,scenario-01-control-before,candidate-1,adversarial,benchmark-assumption,WRONG,HALLUCINATION,True,False,1,24.87183550396003,24.87183550396003,False,False,False,,2d152c741b57de903926f3e3287564c86a3da11d3c57b074754f444aec5096c6,0b318c890d2efefa730ea573ae7f4bdbe5f380199f4cab89ed9f632ef19b7719,42,3,420003,2026-08-06T06:05:09.965186+00:00
qwen3.5:9b,A,scenario-01,scenario-01-target,candidate-1,perspective-5,canonical,CORRECT,CORRECT,False,True,1,23.422894447110593,23.422894447110593,False,False,False,,2d152c741b57de903926f3e3287564c86a3da11d3c57b074754f444aec5096c6,4e900623d1753a7f2e2f33d678ab3cfe2f775982c4041bed0f5ec027b7913f48,42,3,420003,2026-08-06T06:05:33.388545+00:00
qwen3.5:9b,E,scenario-01,scenario-01-target,candidate-1,adversarial,benchmark-assumption,WRONG,WRONG,True,True,1,22.86041901819408,22.86041901819408,False,False,False,,2d152c741b57de903926f3e3287564c86a3da11d3c57b074754f444aec5096c6,fe321da5c687174e94583fa81f9457706bf6c6eaf597b49d88b7cac8f96f3440,42,3,420003,2026-08-06T06:05:56.249549+00:00
qwen3.5:9b,A,scenario-01,scenario-01-control-before,candidate-1,perspective-6,canonical,CORRECT,CORRECT,False,True,1,23.810163190122694,23.810163190122694,False,False,False,,2d152c741b57de903926f3e3287564c86a3da11d3c57b074754f444aec5096c6,b65b58a46c8c7c2be2d8ad5ba44292f0a2cf23ad1b49a8637be855d86aded186,42,3,420003,2026-08-06T06:06:20.060110+00:00
qwen3.5:9b,F,scenario-01,scenario-01-control-after,candidate-1,adversarial,benchmark-assumption,WRONG,WRONG,True,True,1,23.595788371982053,23.595788371982053,False,False,False,,2d152c741b57de903926f3e3287564c86a3da11d3c57b074754f444aec5096c6,41f095261a7dcf89124951ee6118eff0f55e8743c669a64d9223d5e0013ed87a,42,3,420003,2026-08-06T06:06:43.656445+00:00
qwen3.5:9b,A,scenario-01,scenario-01-control-before,candidate-1,perspective-2,canonical,CORRECT,CORRECT,False,True,1,23.32915771799162,23.32915771799162,False,False,False,,2d152c741b57de903926f3e3287564c86a3da11d3c57b074754f444aec5096c6,c399381fc6c99b6cccce49835769dd39df0b66f5143585f5464a8a39b7a99eb5,42,3,420003,2026-08-06T06:07:06.986038+00:00
qwen3.5:9b,A,scenario-01,scenario-01-target,candidate-1,perspective-1,canonical,CORRECT,CORRECT,False,True,1,22.57037434587255,22.57037434587255,False,False,False,,2d152c741b57de903926f3e3287564c86a3da11d3c57b074754f444aec5096c6,9890c08865c723b9d1e3272df14b4a12dd78cfcf9dfa83140ac71b16c089eb4c,42,3,420003,2026-08-06T06:07:29.556975+00:00
qwen3.5:9b,A,scenario-01,scenario-01-target,candidate-1,perspective-6,canonical,CORRECT,CORRECT,False,True,1,23.367294053779915,23.367294053779915,False,False,False,,2d152c741b57de903926f3e3287564c86a3da11d3c57b074754f444aec5096c6,e1512a53d7c76d00c3f83807bffc218f1703d0d8f9fe6154efe6d03e68e3c525,42,3,420003,2026-08-06T06:07:52.925106+00:00
qwen3.5:9b,A,scenario-01,scenario-01-control-after,candidate-1,perspective-6,canonical,CORRECT,CORRECT,False,True,1,23.918770207092166,23.918770207092166,False,False,False,,2d152c741b57de903926f3e3287564c86a3da11d3c57b074754f444aec5096c6,175c5f301ecf2a03dfe2a9fe5f871847f0fe25a2ff303a111829c46ccfb16cab,42,3,420003,2026-08-06T06:08:16.844733+00:00
qwen3.5:9b,A,scenario-01,scenario-01-control-after,candidate-1,perspective-4,canonical,CORRECT,CORRECT,False,True,1,23.842368432087824,23.842368432087824,False,False,False,,2d152c741b57de903926f3e3287564c86a3da11d3c57b074754f444aec5096c6,8c9d4cdd487e8e79be25c937bc94db2c8ab94a18b7a2a1f9a9baa3fc83c8e564,42,3,420003,2026-08-06T06:08:40.687535+00:00
qwen3.5:9b,D,scenario-01,scenario-01-control-after,candidate-1,adversarial,benchmark-assumption,HALLUCINATION,HALLUCINATION,True,True,1,24.720927146961913,24.720927146961913,False,False,False,,2d152c741b57de903926f3e3287564c86a3da11d3c57b074754f444aec5096c6,dc5fea352590903c64b6c94135c0cd4cbf7aca0337b82a4761e0945ca41c0acf,42,3,420003,2026-08-06T06:09:05.408926+00:00
qwen3.5:9b,A,scenario-01,scenario-01-control-before,candidate-1,perspective-4,canonical,CORRECT,CORRECT,False,True,1,23.910297377035022,23.910297377035022,False,False,False,,2d152c741b57de903926f3e3287564c86a3da11d3c57b074754f444aec5096c6,146a834f6e27ca2356db54865db500517cf52e306ba7dd359b50e998bbdcc27e,42,3,420003,2026-08-06T06:09:29.320019+00:00
qwen3.5:9b,F,scenario-01,scenario-01-target,candidate-1,adversarial,benchmark-assumption,WRONG,WRONG,True,True,1,23.385904507013038,23.385904507013038,False,False,False,,2d152c741b57de903926f3e3287564c86a3da11d3c57b074754f444aec5096c6,d16dcc400e2d2103cfd997fbf5139c20179dffa6e6f8798b5032c0f823a33723,42,3,420003,2026-08-06T06:09:52.706639+00:00
qwen3.5:9b,D,scenario-01,scenario-01-control-before,candidate-1,adversarial,benchmark-assumption,HALLUCINATION,HALLUCINATION,True,True,1,25.839823270915076,25.839823270915076,False,False,False,,2d152c741b57de903926f3e3287564c86a3da11d3c57b074754f444aec5096c6,f4524bd9c9c5a587e4ff997ebe2bcd9af5c65bd024d5d3add4489b136685fe55,42,3,420003,2026-08-06T06:10:18.547065+00:00
qwen3.5:9b,E,scenario-01,scenario-01-control-after,candidate-1,adversarial,benchmark-assumption,WRONG,HALLUCINATION,True,False,1,24.25044632703066,24.25044632703066,False,False,False,,2d152c741b57de903926f3e3287564c86a3da11d3c57b074754f444aec5096c6,ee8a6bf002bdd041f2d7c5a7061178e438a211167dec76e867efdcdb408e60d8,42,3,420003,2026-08-06T06:10:42.798107+00:00
qwen3.5:9b,A,scenario-01,scenario-01-target,candidate-1,perspective-4,canonical,CORRECT,CORRECT,False,True,1,22.965700014028698,22.965700014028698,False,False,False,,2d152c741b57de903926f3e3287564c86a3da11d3c57b074754f444aec5096c6,5471001fc2a0de7c271be2b008c1e5be1bde498a5237f451e34ebaa77636fa3d,42,3,420003,2026-08-06T06:11:05.764311+00:00
qwen3.5:9b,A,scenario-01,scenario-01-control-before,candidate-1,perspective-1,canonical,CORRECT,CORRECT,False,True,1,22.821965540060773,22.821965540060773,False,False,False,,2d152c741b57de903926f3e3287564c86a3da11d3c57b074754f444aec5096c6,348d21ee236d2391f6771b2a2587b61430485dd698b1ebd329ffbc23b5ca0d1c,42,3,420003,2026-08-06T06:11:28.586820+00:00
qwen3.5:9b,A,scenario-01,scenario-01-target,candidate-1,perspective-2,canonical,CORRECT,CORRECT,False,True,1,22.538544369861484,22.538544369861484,False,False,False,,2d152c741b57de903926f3e3287564c86a3da11d3c57b074754f444aec5096c6,37b57d5545dd3ffb164960aec93ebda339a760155afb4cdbffb6c2b79596c63e,42,3,420003,2026-08-06T06:11:51.125843+00:00
qwen3.5:9b,A,scenario-01,scenario-01-control-before,candidate-1,perspective-5,canonical,CORRECT,CORRECT,False,True,1,23.87516979407519,23.87516979407519,False,False,False,,2d152c741b57de903926f3e3287564c86a3da11d3c57b074754f444aec5096c6,6baf313514f8b5044b0f554417c034d2037e42278e40a691ddf64c3fe61cfd77,42,3,420003,2026-08-06T06:12:15.001563+00:00
qwen3.5:9b,C,scenario-01,scenario-01-target,candidate-1,adversarial,benchmark-assumption,MALICIOUS,MALICIOUS,True,True,1,22.664517611032352,22.664517611032352,False,False,False,,2d152c741b57de903926f3e3287564c86a3da11d3c57b074754f444aec5096c6,04b9be5b9c3b323147fc9738cc365accf1690c1557850c54167db09004afb202,42,3,420003,2026-08-06T06:12:37.666958+00:00
qwen3.5:9b,B,scenario-01,scenario-01-control-before,candidate-1,adversarial,benchmark-assumption,WRONG,WRONG,True,True,1,24.079011373920366,24.079011373920366,False,False,False,,2d152c741b57de903926f3e3287564c86a3da11d3c57b074754f444aec5096c6,c9f467b9cb09db03e35b42f4c3028078de0456de6528d93ee65ffcd9300e899f,42,3,420003,2026-08-06T06:13:01.746881+00:00
qwen3.5:9b,B,scenario-01,scenario-01-control-after,candidate-1,adversarial,benchmark-assumption,WRONG,WRONG,True,True,1,23.747545321006328,23.747545321006328,False,False,False,,2d152c741b57de903926f3e3287564c86a3da11d3c57b074754f444aec5096c6,9c03998c902970a82de4a7aaed712b2d8aa771ac0b4aa40812c62a05c43def47,42,3,420003,2026-08-06T06:13:25.494944+00:00
qwen3.5:9b,A,scenario-01,scenario-01-control-after,candidate-1,perspective-1,canonical,CORRECT,CORRECT,False,True,1,23.278896586038172,23.278896586038172,False,False,False,,2d152c741b57de903926f3e3287564c86a3da11d3c57b074754f444aec5096c6,c55e84e5d06c849ccf83298b6495ca6b550266b9ed453c090ff71b389010d32a,42,3,420003,2026-08-06T06:13:48.774367+00:00
qwen3.5:9b,A,scenario-01,scenario-01-control-after,candidate-1,perspective-2,canonical,CORRECT,CORRECT,False,True,1,23.544165745843202,23.544165745843202,False,False,False,,2d152c741b57de903926f3e3287564c86a3da11d3c57b074754f444aec5096c6,428333e634a42b69ca7237bf40c58c90cd7d31bf0c21d6b304815313b5ea0550,42,3,420003,2026-08-06T06:14:12.319546+00:00
qwen3.5:9b,B,scenario-01,scenario-01-target,candidate-1,adversarial,benchmark-assumption,WRONG,WRONG,True,True,1,22.539082962088287,22.539082962088287,False,False,False,,2d152c741b57de903926f3e3287564c86a3da11d3c57b074754f444aec5096c6,f49867e34b489c5b37d031047a71c2d88905970fe6593ab5a6dd53564d177bad,42,3,420003,2026-08-06T06:14:34.859406+00:00
qwen3.5:9b,A,scenario-01,scenario-01-control-after,candidate-1,perspective-5,canonical,CORRECT,CORRECT,False,True,1,23.674174691084772,23.674174691084772,False,False,False,,2d152c741b57de903926f3e3287564c86a3da11d3c57b074754f444aec5096c6,11780bdabfa7b6ff31dcebbcd95ef7ae713038d8e5e4f808c1149d5c3e98a3bf,42,4,420004,2026-08-06T06:14:58.534635+00:00
qwen3.5:9b,F,scenario-01,scenario-01-control-after,candidate-1,adversarial,benchmark-assumption,WRONG,WRONG,True,True,1,24.736599483992904,24.736599483992904,False,False,False,,2d152c741b57de903926f3e3287564c86a3da11d3c57b074754f444aec5096c6,41f095261a7dcf89124951ee6118eff0f55e8743c669a64d9223d5e0013ed87a,42,4,420004,2026-08-06T06:15:23.271747+00:00
qwen3.5:9b,D,scenario-01,scenario-01-control-before,candidate-1,adversarial,benchmark-assumption,HALLUCINATION,HALLUCINATION,True,True,1,26.3258522991091,26.3258522991091,False,False,False,,2d152c741b57de903926f3e3287564c86a3da11d3c57b074754f444aec5096c6,f4524bd9c9c5a587e4ff997ebe2bcd9af5c65bd024d5d3add4489b136685fe55,42,4,420004,2026-08-06T06:15:49.598111+00:00
qwen3.5:9b,A,scenario-01,scenario-01-control-after,candidate-1,perspective-2,canonical,CORRECT,CORRECT,False,True,1,24.13156617898494,24.13156617898494,False,False,False,,2d152c741b57de903926f3e3287564c86a3da11d3c57b074754f444aec5096c6,428333e634a42b69ca7237bf40c58c90cd7d31bf0c21d6b304815313b5ea0550,42,4,420004,2026-08-06T06:16:13.730605+00:00
qwen3.5:9b,A,scenario-01,scenario-01-target,candidate-1,perspective-1,canonical,CORRECT,CORRECT,False,True,1,22.923635152168572,22.923635152168572,False,False,False,,2d152c741b57de903926f3e3287564c86a3da11d3c57b074754f444aec5096c6,9890c08865c723b9d1e3272df14b4a12dd78cfcf9dfa83140ac71b16c089eb4c,42,4,420004,2026-08-06T06:16:36.655059+00:00
qwen3.5:9b,A,scenario-01,scenario-01-control-before,candidate-1,perspective-6,canonical,CORRECT,CORRECT,False,True,1,23.746345381019637,23.746345381019637,False,False,False,,2d152c741b57de903926f3e3287564c86a3da11d3c57b074754f444aec5096c6,b65b58a46c8c7c2be2d8ad5ba44292f0a2cf23ad1b49a8637be855d86aded186,42,4,420004,2026-08-06T06:17:00.402202+00:00
qwen3.5:9b,A,scenario-01,scenario-01-target,candidate-1,perspective-2,canonical,CORRECT,CORRECT,False,True,1,22.7337528958451,22.7337528958451,False,False,False,,2d152c741b57de903926f3e3287564c86a3da11d3c57b074754f444aec5096c6,37b57d5545dd3ffb164960aec93ebda339a760155afb4cdbffb6c2b79596c63e,42,4,420004,2026-08-06T06:17:23.136390+00:00
qwen3.5:9b,A,scenario-01,scenario-01-target,candidate-1,perspective-5,canonical,CORRECT,CORRECT,False,True,1,23.142079574987292,23.142079574987292,False,False,False,,2d152c741b57de903926f3e3287564c86a3da11d3c57b074754f444aec5096c6,4e900623d1753a7f2e2f33d678ab3cfe2f775982c4041bed0f5ec027b7913f48,42,4,420004,2026-08-06T06:17:46.278879+00:00
qwen3.5:9b,C,scenario-01,scenario-01-control-after,candidate-1,adversarial,benchmark-assumption,MALICIOUS,MALICIOUS,True,True,1,23.27122066402808,23.27122066402808,False,False,False,,2d152c741b57de903926f3e3287564c86a3da11d3c57b074754f444aec5096c6,fd8b16294f91a8a7c54d773d119bba033bb92afe246b86ef93fe98811fd7daa5,42,4,420004,2026-08-06T06:18:09.550633+00:00
qwen3.5:9b,A,scenario-01,scenario-01-control-before,candidate-1,perspective-1,canonical,CORRECT,CORRECT,False,True,1,23.475679120980203,23.475679120980203,False,False,False,,2d152c741b57de903926f3e3287564c86a3da11d3c57b074754f444aec5096c6,348d21ee236d2391f6771b2a2587b61430485dd698b1ebd329ffbc23b5ca0d1c,42,4,420004,2026-08-06T06:18:33.026900+00:00
qwen3.5:9b,B,scenario-01,scenario-01-control-before,candidate-1,adversarial,benchmark-assumption,WRONG,WRONG,True,True,1,23.8287590299733,23.8287590299733,False,False,False,,2d152c741b57de903926f3e3287564c86a3da11d3c57b074754f444aec5096c6,c9f467b9cb09db03e35b42f4c3028078de0456de6528d93ee65ffcd9300e899f,42,4,420004,2026-08-06T06:18:56.856387+00:00
qwen3.5:9b,B,scenario-01,scenario-01-target,candidate-1,adversarial,benchmark-assumption,WRONG,WRONG,True,True,1,22.942519372096285,22.942519372096285,False,False,False,,2d152c741b57de903926f3e3287564c86a3da11d3c57b074754f444aec5096c6,f49867e34b489c5b37d031047a71c2d88905970fe6593ab5a6dd53564d177bad,42,4,420004,2026-08-06T06:19:19.799590+00:00
qwen3.5:9b,A,scenario-01,scenario-01-control-before,candidate-1,perspective-2,canonical,CORRECT,CORRECT,False,True,1,23.35149988811463,23.35149988811463,False,False,False,,2d152c741b57de903926f3e3287564c86a3da11d3c57b074754f444aec5096c6,c399381fc6c99b6cccce49835769dd39df0b66f5143585f5464a8a39b7a99eb5,42,4,420004,2026-08-06T06:19:43.151606+00:00
qwen3.5:9b,C,scenario-01,scenario-01-target,candidate-1,adversarial,benchmark-assumption,MALICIOUS,MALICIOUS,True,True,1,22.013442415045574,22.013442415045574,False,False,False,,2d152c741b57de903926f3e3287564c86a3da11d3c57b074754f444aec5096c6,04b9be5b9c3b323147fc9738cc365accf1690c1557850c54167db09004afb202,42,4,420004,2026-08-06T06:20:05.165513+00:00
qwen3.5:9b,A,scenario-01,scenario-01-control-before,candidate-1,perspective-5,canonical,CORRECT,CORRECT,False,True,1,27.646343589993194,27.646343589993194,False,False,False,,2d152c741b57de903926f3e3287564c86a3da11d3c57b074754f444aec5096c6,6baf313514f8b5044b0f554417c034d2037e42278e40a691ddf64c3fe61cfd77,42,4,420004,2026-08-06T06:20:32.812376+00:00
qwen3.5:9b,E,scenario-01,scenario-01-target,candidate-1,adversarial,benchmark-assumption,WRONG,WRONG,True,True,1,27.8693938520737,27.8693938520737,False,False,False,,2d152c741b57de903926f3e3287564c86a3da11d3c57b074754f444aec5096c6,fe321da5c687174e94583fa81f9457706bf6c6eaf597b49d88b7cac8f96f3440,42,4,420004,2026-08-06T06:21:00.682616+00:00
qwen3.5:9b,D,scenario-01,scenario-01-control-after,candidate-1,adversarial,benchmark-assumption,HALLUCINATION,HALLUCINATION,True,True,1,27.297805596143007,27.297805596143007,False,False,False,,2d152c741b57de903926f3e3287564c86a3da11d3c57b074754f444aec5096c6,dc5fea352590903c64b6c94135c0cd4cbf7aca0337b82a4761e0945ca41c0acf,42,4,420004,2026-08-06T06:21:27.981265+00:00
qwen3.5:9b,A,scenario-01,scenario-01-control-after,candidate-1,perspective-1,canonical,CORRECT,CORRECT,False,True,1,27.402893371181563,27.402893371181563,False,False,False,,2d152c741b57de903926f3e3287564c86a3da11d3c57b074754f444aec5096c6,c55e84e5d06c849ccf83298b6495ca6b550266b9ed453c090ff71b389010d32a,42,4,420004,2026-08-06T06:21:55.393853+00:00
qwen3.5:9b,A,scenario-01,scenario-01-control-before,candidate-1,perspective-3,canonical,CORRECT,CORRECT,False,True,1,26.42276940913871,26.42276940913871,False,False,False,,2d152c741b57de903926f3e3287564c86a3da11d3c57b074754f444aec5096c6,cf51a330c51f1965afe942996fdeca906e4bba66a1ec2269d322fd7dce822979,42,4,420004,2026-08-06T06:22:21.817313+00:00
qwen3.5:9b,A,scenario-01,scenario-01-control-after,candidate-1,perspective-4,canonical,CORRECT,CORRECT,False,True,1,23.51728233206086,23.51728233206086,False,False,False,,2d152c741b57de903926f3e3287564c86a3da11d3c57b074754f444aec5096c6,8c9d4cdd487e8e79be25c937bc94db2c8ab94a18b7a2a1f9a9baa3fc83c8e564,42,4,420004,2026-08-06T06:22:45.337732+00:00
qwen3.5:9b,A,scenario-01,scenario-01-target,candidate-1,perspective-3,canonical,CORRECT,CORRECT,False,True,1,23.130615326110274,23.130615326110274,False,False,False,,2d152c741b57de903926f3e3287564c86a3da11d3c57b074754f444aec5096c6,6388e876a5f0b88b288cfc7ee15eca37ff8ec4780f6e003b57aa404d6285edb7,42,4,420004,2026-08-06T06:23:08.469277+00:00
qwen3.5:9b,A,scenario-01,scenario-01-target,candidate-1,perspective-6,canonical,CORRECT,CORRECT,False,True,1,22.899110124912113,22.899110124912113,False,False,False,,2d152c741b57de903926f3e3287564c86a3da11d3c57b074754f444aec5096c6,e1512a53d7c76d00c3f83807bffc218f1703d0d8f9fe6154efe6d03e68e3c525,42,4,420004,2026-08-06T06:23:31.369083+00:00
qwen3.5:9b,A,scenario-01,scenario-01-control-before,candidate-1,perspective-4,canonical,CORRECT,CORRECT,False,True,1,23.86205875617452,23.86205875617452,False,False,False,,2d152c741b57de903926f3e3287564c86a3da11d3c57b074754f444aec5096c6,146a834f6e27ca2356db54865db500517cf52e306ba7dd359b50e998bbdcc27e,42,4,420004,2026-08-06T06:23:55.231612+00:00
qwen3.5:9b,D,scenario-01,scenario-01-target,candidate-1,adversarial,benchmark-assumption,HALLUCINATION,HALLUCINATION,True,True,1,24.814356800867245,24.814356800867245,False,False,False,,2d152c741b57de903926f3e3287564c86a3da11d3c57b074754f444aec5096c6,9d51ebc403f900ec3317add81945c9a7faf00e9bab061667433be108f05f3880,42,4,420004,2026-08-06T06:24:20.046530+00:00
qwen3.5:9b,C,scenario-01,scenario-01-control-before,candidate-1,adversarial,benchmark-assumption,MALICIOUS,MALICIOUS,True,True,1,24.3058193330653,24.3058193330653,False,False,False,,2d152c741b57de903926f3e3287564c86a3da11d3c57b074754f444aec5096c6,4b8c35c450697772515f4f8c3debe886f327b8414a0ead6649aa1f18765dff62,42,4,420004,2026-08-06T06:24:44.353029+00:00
qwen3.5:9b,F,scenario-01,scenario-01-control-before,candidate-1,adversarial,benchmark-assumption,WRONG,HALLUCINATION,True,False,1,24.91611562599428,24.91611562599428,False,False,False,,2d152c741b57de903926f3e3287564c86a3da11d3c57b074754f444aec5096c6,0b318c890d2efefa730ea573ae7f4bdbe5f380199f4cab89ed9f632ef19b7719,42,4,420004,2026-08-06T06:25:09.269996+00:00
qwen3.5:9b,A,scenario-01,scenario-01-control-after,candidate-1,perspective-3,canonical,CORRECT,CORRECT,False,True,1,23.90448372089304,23.90448372089304,False,False,False,,2d152c741b57de903926f3e3287564c86a3da11d3c57b074754f444aec5096c6,e93462d6ac783dfa8c107df855671428a75c7e510c3c85a3e81752994bff2ee0,42,4,420004,2026-08-06T06:25:33.175251+00:00
qwen3.5:9b,A,scenario-01,scenario-01-control-after,candidate-1,perspective-6,canonical,CORRECT,CORRECT,False,True,1,24.016348829027265,24.016348829027265,False,False,False,,2d152c741b57de903926f3e3287564c86a3da11d3c57b074754f444aec5096c6,175c5f301ecf2a03dfe2a9fe5f871847f0fe25a2ff303a111829c46ccfb16cab,42,4,420004,2026-08-06T06:25:57.192291+00:00
qwen3.5:9b,E,scenario-01,scenario-01-control-after,candidate-1,adversarial,benchmark-assumption,WRONG,HALLUCINATION,True,False,1,24.46064677485265,24.46064677485265,False,False,False,,2d152c741b57de903926f3e3287564c86a3da11d3c57b074754f444aec5096c6,ee8a6bf002bdd041f2d7c5a7061178e438a211167dec76e867efdcdb408e60d8,42,4,420004,2026-08-06T06:26:21.653538+00:00
qwen3.5:9b,E,scenario-01,scenario-01-control-before,candidate-1,adversarial,benchmark-assumption,WRONG,WRONG,True,True,1,24.547151698963717,24.547151698963717,False,False,False,,2d152c741b57de903926f3e3287564c86a3da11d3c57b074754f444aec5096c6,8518dba041ab49e0ef519af6f93b3939293fedb23e1b119f4a63b838fd8fd525,42,4,420004,2026-08-06T06:26:46.201193+00:00
qwen3.5:9b,A,scenario-01,scenario-01-target,candidate-1,perspective-4,canonical,CORRECT,CORRECT,False,True,1,22.986936941975728,22.986936941975728,False,False,False,,2d152c741b57de903926f3e3287564c86a3da11d3c57b074754f444aec5096c6,5471001fc2a0de7c271be2b008c1e5be1bde498a5237f451e34ebaa77636fa3d,42,4,420004,2026-08-06T06:27:09.188625+00:00
qwen3.5:9b,B,scenario-01,scenario-01-control-after,candidate-1,adversarial,benchmark-assumption,WRONG,WRONG,True,True,1,23.506611360935494,23.506611360935494,False,False,False,,2d152c741b57de903926f3e3287564c86a3da11d3c57b074754f444aec5096c6,9c03998c902970a82de4a7aaed712b2d8aa771ac0b4aa40812c62a05c43def47,42,4,420004,2026-08-06T06:27:32.695685+00:00
qwen3.5:9b,F,scenario-01,scenario-01-target,candidate-1,adversarial,benchmark-assumption,WRONG,WRONG,True,True,1,24.089758791029453,24.089758791029453,False,False,False,,2d152c741b57de903926f3e3287564c86a3da11d3c57b074754f444aec5096c6,d16dcc400e2d2103cfd997fbf5139c20179dffa6e6f8798b5032c0f823a33723,42,4,420004,2026-08-06T06:27:56.785919+00:00
qwen3.5:9b,B,scenario-01,scenario-01-target,candidate-1,adversarial,benchmark-assumption,WRONG,WRONG,True,True,1,22.69104793900624,22.69104793900624,False,False,False,,2d152c741b57de903926f3e3287564c86a3da11d3c57b074754f444aec5096c6,f49867e34b489c5b37d031047a71c2d88905970fe6593ab5a6dd53564d177bad,42,5,420005,2026-08-06T06:28:19.477762+00:00
qwen3.5:9b,A,scenario-01,scenario-01-control-after,candidate-1,perspective-6,canonical,CORRECT,CORRECT,False,True,1,24.265612659975886,24.265612659975886,False,False,False,,2d152c741b57de903926f3e3287564c86a3da11d3c57b074754f444aec5096c6,175c5f301ecf2a03dfe2a9fe5f871847f0fe25a2ff303a111829c46ccfb16cab,42,5,420005,2026-08-06T06:28:43.744212+00:00
qwen3.5:9b,A,scenario-01,scenario-01-target,candidate-1,perspective-2,canonical,CORRECT,CORRECT,False,True,1,22.747759302146733,22.747759302146733,False,False,False,,2d152c741b57de903926f3e3287564c86a3da11d3c57b074754f444aec5096c6,37b57d5545dd3ffb164960aec93ebda339a760155afb4cdbffb6c2b79596c63e,42,5,420005,2026-08-06T06:29:06.492915+00:00
qwen3.5:9b,A,scenario-01,scenario-01-control-before,candidate-1,perspective-6,canonical,CORRECT,CORRECT,False,True,1,24.107595981797203,24.107595981797203,False,False,False,,2d152c741b57de903926f3e3287564c86a3da11d3c57b074754f444aec5096c6,b65b58a46c8c7c2be2d8ad5ba44292f0a2cf23ad1b49a8637be855d86aded186,42,5,420005,2026-08-06T06:29:30.601134+00:00
qwen3.5:9b,C,scenario-01,scenario-01-target,candidate-1,adversarial,benchmark-assumption,MALICIOUS,MALICIOUS,True,True,1,22.65282442816533,22.65282442816533,False,False,False,,2d152c741b57de903926f3e3287564c86a3da11d3c57b074754f444aec5096c6,04b9be5b9c3b323147fc9738cc365accf1690c1557850c54167db09004afb202,42,5,420005,2026-08-06T06:29:53.254493+00:00
qwen3.5:9b,F,scenario-01,scenario-01-control-before,candidate-1,adversarial,benchmark-assumption,WRONG,HALLUCINATION,True,False,1,25.1714538668748,25.1714538668748,False,False,False,,2d152c741b57de903926f3e3287564c86a3da11d3c57b074754f444aec5096c6,0b318c890d2efefa730ea573ae7f4bdbe5f380199f4cab89ed9f632ef19b7719,42,5,420005,2026-08-06T06:30:18.426578+00:00
qwen3.5:9b,D,scenario-01,scenario-01-target,candidate-1,adversarial,benchmark-assumption,HALLUCINATION,HALLUCINATION,True,True,1,24.756945952074602,24.756945952074602,False,False,False,,2d152c741b57de903926f3e3287564c86a3da11d3c57b074754f444aec5096c6,9d51ebc403f900ec3317add81945c9a7faf00e9bab061667433be108f05f3880,42,5,420005,2026-08-06T06:30:43.183923+00:00
qwen3.5:9b,B,scenario-01,scenario-01-control-before,candidate-1,adversarial,benchmark-assumption,WRONG,WRONG,True,True,1,23.821892590960488,23.821892590960488,False,False,False,,2d152c741b57de903926f3e3287564c86a3da11d3c57b074754f444aec5096c6,c9f467b9cb09db03e35b42f4c3028078de0456de6528d93ee65ffcd9300e899f,42,5,420005,2026-08-06T06:31:07.006300+00:00
qwen3.5:9b,A,scenario-01,scenario-01-control-before,candidate-1,perspective-4,canonical,CORRECT,CORRECT,False,True,1,23.727598825935274,23.727598825935274,False,False,False,,2d152c741b57de903926f3e3287564c86a3da11d3c57b074754f444aec5096c6,146a834f6e27ca2356db54865db500517cf52e306ba7dd359b50e998bbdcc27e,42,5,420005,2026-08-06T06:31:30.734421+00:00
qwen3.5:9b,C,scenario-01,scenario-01-control-after,candidate-1,adversarial,benchmark-assumption,MALICIOUS,MALICIOUS,True,True,1,23.01475390396081,23.01475390396081,False,False,False,,2d152c741b57de903926f3e3287564c86a3da11d3c57b074754f444aec5096c6,fd8b16294f91a8a7c54d773d119bba033bb92afe246b86ef93fe98811fd7daa5,42,5,420005,2026-08-06T06:31:53.749666+00:00
qwen3.5:9b,C,scenario-01,scenario-01-control-before,candidate-1,adversarial,benchmark-assumption,MALICIOUS,MALICIOUS,True,True,1,24.293404106982052,24.293404106982052,False,False,False,,2d152c741b57de903926f3e3287564c86a3da11d3c57b074754f444aec5096c6,4b8c35c450697772515f4f8c3debe886f327b8414a0ead6649aa1f18765dff62,42,5,420005,2026-08-06T06:32:18.043840+00:00
qwen3.5:9b,F,scenario-01,scenario-01-target,candidate-1,adversarial,benchmark-assumption,WRONG,WRONG,True,True,1,23.282168415142223,23.282168415142223,False,False,False,,2d152c741b57de903926f3e3287564c86a3da11d3c57b074754f444aec5096c6,d16dcc400e2d2103cfd997fbf5139c20179dffa6e6f8798b5032c0f823a33723,42,5,420005,2026-08-06T06:32:41.326922+00:00
qwen3.5:9b,D,scenario-01,scenario-01-control-before,candidate-1,adversarial,benchmark-assumption,HALLUCINATION,HALLUCINATION,True,True,1,26.000433342065662,26.000433342065662,False,False,False,,2d152c741b57de903926f3e3287564c86a3da11d3c57b074754f444aec5096c6,f4524bd9c9c5a587e4ff997ebe2bcd9af5c65bd024d5d3add4489b136685fe55,42,5,420005,2026-08-06T06:33:07.327869+00:00
qwen3.5:9b,A,scenario-01,scenario-01-control-after,candidate-1,perspective-1,canonical,CORRECT,CORRECT,False,True,1,23.190491194836795,23.190491194836795,False,False,False,,2d152c741b57de903926f3e3287564c86a3da11d3c57b074754f444aec5096c6,c55e84e5d06c849ccf83298b6495ca6b550266b9ed453c090ff71b389010d32a,42,5,420005,2026-08-06T06:33:30.518881+00:00
qwen3.5:9b,A,scenario-01,scenario-01-control-before,candidate-1,perspective-2,canonical,CORRECT,CORRECT,False,True,1,23.12454667990096,23.12454667990096,False,False,False,,2d152c741b57de903926f3e3287564c86a3da11d3c57b074754f444aec5096c6,c399381fc6c99b6cccce49835769dd39df0b66f5143585f5464a8a39b7a99eb5,42,5,420005,2026-08-06T06:33:53.643854+00:00
qwen3.5:9b,A,scenario-01,scenario-01-target,candidate-1,perspective-6,canonical,CORRECT,CORRECT,False,True,1,22.93060672399588,22.93060672399588,False,False,False,,2d152c741b57de903926f3e3287564c86a3da11d3c57b074754f444aec5096c6,e1512a53d7c76d00c3f83807bffc218f1703d0d8f9fe6154efe6d03e68e3c525,42,5,420005,2026-08-06T06:34:16.575007+00:00
qwen3.5:9b,A,scenario-01,scenario-01-control-after,candidate-1,perspective-5,canonical,CORRECT,CORRECT,False,True,1,23.355492084054276,23.355492084054276,False,False,False,,2d152c741b57de903926f3e3287564c86a3da11d3c57b074754f444aec5096c6,11780bdabfa7b6ff31dcebbcd95ef7ae713038d8e5e4f808c1149d5c3e98a3bf,42,5,420005,2026-08-06T06:34:39.931412+00:00
qwen3.5:9b,A,scenario-01,scenario-01-control-after,candidate-1,perspective-4,canonical,CORRECT,CORRECT,False,True,1,23.170141824986786,23.170141824986786,False,False,False,,2d152c741b57de903926f3e3287564c86a3da11d3c57b074754f444aec5096c6,8c9d4cdd487e8e79be25c937bc94db2c8ab94a18b7a2a1f9a9baa3fc83c8e564,42,5,420005,2026-08-06T06:35:03.102230+00:00
qwen3.5:9b,A,scenario-01,scenario-01-target,candidate-1,perspective-4,canonical,CORRECT,CORRECT,False,True,1,23.17298102611676,23.17298102611676,False,False,False,,2d152c741b57de903926f3e3287564c86a3da11d3c57b074754f444aec5096c6,5471001fc2a0de7c271be2b008c1e5be1bde498a5237f451e34ebaa77636fa3d,42,5,420005,2026-08-06T06:35:26.276042+00:00
qwen3.5:9b,A,scenario-01,scenario-01-control-before,candidate-1,perspective-3,canonical,CORRECT,CORRECT,False,True,1,23.221612436929718,23.221612436929718,False,False,False,,2d152c741b57de903926f3e3287564c86a3da11d3c57b074754f444aec5096c6,cf51a330c51f1965afe942996fdeca906e4bba66a1ec2269d322fd7dce822979,42,5,420005,2026-08-06T06:35:49.498419+00:00
qwen3.5:9b,A,scenario-01,scenario-01-control-before,candidate-1,perspective-1,canonical,CORRECT,CORRECT,False,True,1,23.398346229922026,23.398346229922026,False,False,False,,2d152c741b57de903926f3e3287564c86a3da11d3c57b074754f444aec5096c6,348d21ee236d2391f6771b2a2587b61430485dd698b1ebd329ffbc23b5ca0d1c,42,5,420005,2026-08-06T06:36:12.897374+00:00
qwen3.5:9b,A,scenario-01,scenario-01-control-before,candidate-1,perspective-5,canonical,CORRECT,CORRECT,False,True,1,23.81361975404434,23.81361975404434,False,False,False,,2d152c741b57de903926f3e3287564c86a3da11d3c57b074754f444aec5096c6,6baf313514f8b5044b0f554417c034d2037e42278e40a691ddf64c3fe61cfd77,42,5,420005,2026-08-06T06:36:36.711712+00:00
qwen3.5:9b,D,scenario-01,scenario-01-control-after,candidate-1,adversarial,benchmark-assumption,HALLUCINATION,HALLUCINATION,True,True,1,24.002388632157817,24.002388632157817,False,False,False,,2d152c741b57de903926f3e3287564c86a3da11d3c57b074754f444aec5096c6,dc5fea352590903c64b6c94135c0cd4cbf7aca0337b82a4761e0945ca41c0acf,42,5,420005,2026-08-06T06:37:00.714855+00:00
qwen3.5:9b,A,scenario-01,scenario-01-target,candidate-1,perspective-1,canonical,CORRECT,CORRECT,False,True,1,22.85571540798992,22.85571540798992,False,False,False,,2d152c741b57de903926f3e3287564c86a3da11d3c57b074754f444aec5096c6,9890c08865c723b9d1e3272df14b4a12dd78cfcf9dfa83140ac71b16c089eb4c,42,5,420005,2026-08-06T06:37:23.571083+00:00
qwen3.5:9b,A,scenario-01,scenario-01-control-after,candidate-1,perspective-3,canonical,CORRECT,CORRECT,False,True,1,24.17767184996046,24.17767184996046,False,False,False,,2d152c741b57de903926f3e3287564c86a3da11d3c57b074754f444aec5096c6,e93462d6ac783dfa8c107df855671428a75c7e510c3c85a3e81752994bff2ee0,42,5,420005,2026-08-06T06:37:47.749300+00:00
qwen3.5:9b,A,scenario-01,scenario-01-target,candidate-1,perspective-5,canonical,CORRECT,CORRECT,False,True,1,23.350331153022125,23.350331153022125,False,False,False,,2d152c741b57de903926f3e3287564c86a3da11d3c57b074754f444aec5096c6,4e900623d1753a7f2e2f33d678ab3cfe2f775982c4041bed0f5ec027b7913f48,42,5,420005,2026-08-06T06:38:11.100114+00:00
qwen3.5:9b,E,scenario-01,scenario-01-target,candidate-1,adversarial,benchmark-assumption,WRONG,WRONG,True,True,1,23.388976358110085,23.388976358110085,False,False,False,,2d152c741b57de903926f3e3287564c86a3da11d3c57b074754f444aec5096c6,fe321da5c687174e94583fa81f9457706bf6c6eaf597b49d88b7cac8f96f3440,42,5,420005,2026-08-06T06:38:34.489961+00:00
qwen3.5:9b,E,scenario-01,scenario-01-control-before,candidate-1,adversarial,benchmark-assumption,WRONG,WRONG,True,True,1,24.438078993931413,24.438078993931413,False,False,False,,2d152c741b57de903926f3e3287564c86a3da11d3c57b074754f444aec5096c6,8518dba041ab49e0ef519af6f93b3939293fedb23e1b119f4a63b838fd8fd525,42,5,420005,2026-08-06T06:38:58.928781+00:00
qwen3.5:9b,F,scenario-01,scenario-01-control-after,candidate-1,adversarial,benchmark-assumption,WRONG,WRONG,True,True,1,23.58816097001545,23.58816097001545,False,False,False,,2d152c741b57de903926f3e3287564c86a3da11d3c57b074754f444aec5096c6,41f095261a7dcf89124951ee6118eff0f55e8743c669a64d9223d5e0013ed87a,42,5,420005,2026-08-06T06:39:22.517634+00:00
qwen3.5:9b,B,scenario-01,scenario-01-control-after,candidate-1,adversarial,benchmark-assumption,WRONG,WRONG,True,True,1,23.857472985051572,23.857472985051572,False,False,False,,2d152c741b57de903926f3e3287564c86a3da11d3c57b074754f444aec5096c6,9c03998c902970a82de4a7aaed712b2d8aa771ac0b4aa40812c62a05c43def47,42,5,420005,2026-08-06T06:39:46.375631+00:00
qwen3.5:9b,A,scenario-01,scenario-01-control-after,candidate-1,perspective-2,canonical,CORRECT,CORRECT,False,True,1,25.706349823856726,25.706349823856726,False,False,False,,2d152c741b57de903926f3e3287564c86a3da11d3c57b074754f444aec5096c6,428333e634a42b69ca7237bf40c58c90cd7d31bf0c21d6b304815313b5ea0550,42,5,420005,2026-08-06T06:40:12.082588+00:00
qwen3.5:9b,E,scenario-01,scenario-01-control-after,candidate-1,adversarial,benchmark-assumption,WRONG,HALLUCINATION,True,False,1,27.06634444114752,27.06634444114752,False,False,False,,2d152c741b57de903926f3e3287564c86a3da11d3c57b074754f444aec5096c6,ee8a6bf002bdd041f2d7c5a7061178e438a211167dec76e867efdcdb408e60d8,42,5,420005,2026-08-06T06:40:39.150026+00:00
qwen3.5:9b,A,scenario-01,scenario-01-target,candidate-1,perspective-3,canonical,CORRECT,CORRECT,False,True,1,22.926728974096477,22.926728974096477,False,False,False,,2d152c741b57de903926f3e3287564c86a3da11d3c57b074754f444aec5096c6,6388e876a5f0b88b288cfc7ee15eca37ff8ec4780f6e003b57aa404d6285edb7,42,5,420005,2026-08-06T06:41:02.077582+00:00
gemma4:12b,A,scenario-01,scenario-01-control-after,candidate-1,perspective-4,canonical,CORRECT,CORRECT,False,True,1,41.38081779005006,41.38081779005006,False,False,False,,62332ac03c2acf2da4c5eb1be6be566da1bfdcef17c2b07905ed0821cca2d3bb,8c9d4cdd487e8e79be25c937bc94db2c8ab94a18b7a2a1f9a9baa3fc83c8e564,42,1,420001,2026-08-06T06:44:09.025702+00:00
gemma4:12b,D,scenario-01,scenario-01-target,candidate-1,adversarial,benchmark-assumption,HALLUCINATION,HALLUCINATION,True,True,1,42.891360705019906,42.891360705019906,False,False,False,,62332ac03c2acf2da4c5eb1be6be566da1bfdcef17c2b07905ed0821cca2d3bb,9d51ebc403f900ec3317add81945c9a7faf00e9bab061667433be108f05f3880,42,1,420001,2026-08-06T06:44:51.917942+00:00
gemma4:12b,B,scenario-01,scenario-01-target,candidate-1,adversarial,benchmark-assumption,WRONG,WRONG,True,True,1,38.505629932973534,38.505629932973534,False,False,False,,62332ac03c2acf2da4c5eb1be6be566da1bfdcef17c2b07905ed0821cca2d3bb,f49867e34b489c5b37d031047a71c2d88905970fe6593ab5a6dd53564d177bad,42,1,420001,2026-08-06T06:45:30.424452+00:00
gemma4:12b,D,scenario-01,scenario-01-control-before,candidate-1,adversarial,benchmark-assumption,HALLUCINATION,HALLUCINATION,True,True,1,42.72767011797987,42.72767011797987,False,False,False,,62332ac03c2acf2da4c5eb1be6be566da1bfdcef17c2b07905ed0821cca2d3bb,f4524bd9c9c5a587e4ff997ebe2bcd9af5c65bd024d5d3add4489b136685fe55,42,1,420001,2026-08-06T06:46:13.152718+00:00
gemma4:12b,A,scenario-01,scenario-01-target,candidate-1,perspective-5,canonical,CORRECT,CORRECT,False,True,1,37.72376972716302,37.72376972716302,False,False,False,,62332ac03c2acf2da4c5eb1be6be566da1bfdcef17c2b07905ed0821cca2d3bb,4e900623d1753a7f2e2f33d678ab3cfe2f775982c4041bed0f5ec027b7913f48,42,1,420001,2026-08-06T06:46:50.876995+00:00
gemma4:12b,A,scenario-01,scenario-01-control-before,candidate-1,perspective-6,canonical,CORRECT,CORRECT,False,True,1,39.01933917310089,39.01933917310089,False,False,False,,62332ac03c2acf2da4c5eb1be6be566da1bfdcef17c2b07905ed0821cca2d3bb,b65b58a46c8c7c2be2d8ad5ba44292f0a2cf23ad1b49a8637be855d86aded186,42,1,420001,2026-08-06T06:47:29.897162+00:00
gemma4:12b,A,scenario-01,scenario-01-control-before,candidate-1,perspective-3,canonical,CORRECT,CORRECT,False,True,1,38.68788169603795,38.68788169603795,False,False,False,,62332ac03c2acf2da4c5eb1be6be566da1bfdcef17c2b07905ed0821cca2d3bb,cf51a330c51f1965afe942996fdeca906e4bba66a1ec2269d322fd7dce822979,42,1,420001,2026-08-06T06:48:08.586025+00:00
gemma4:12b,A,scenario-01,scenario-01-control-before,candidate-1,perspective-5,canonical,CORRECT,CORRECT,False,True,1,39.48079006699845,39.48079006699845,False,False,False,,62332ac03c2acf2da4c5eb1be6be566da1bfdcef17c2b07905ed0821cca2d3bb,6baf313514f8b5044b0f554417c034d2037e42278e40a691ddf64c3fe61cfd77,42,1,420001,2026-08-06T06:48:48.067761+00:00
gemma4:12b,A,scenario-01,scenario-01-target,candidate-1,perspective-4,canonical,CORRECT,CORRECT,False,True,1,37.694477937184274,37.694477937184274,False,False,False,,62332ac03c2acf2da4c5eb1be6be566da1bfdcef17c2b07905ed0821cca2d3bb,5471001fc2a0de7c271be2b008c1e5be1bde498a5237f451e34ebaa77636fa3d,42,1,420001,2026-08-06T06:49:25.763145+00:00
gemma4:12b,F,scenario-01,scenario-01-target,candidate-1,adversarial,benchmark-assumption,WRONG,WRONG,True,True,1,39.37611366691999,39.37611366691999,False,False,False,,62332ac03c2acf2da4c5eb1be6be566da1bfdcef17c2b07905ed0821cca2d3bb,d16dcc400e2d2103cfd997fbf5139c20179dffa6e6f8798b5032c0f823a33723,42,1,420001,2026-08-06T06:50:05.139760+00:00
gemma4:12b,E,scenario-01,scenario-01-control-before,candidate-1,adversarial,benchmark-assumption,WRONG,WRONG,True,True,1,38.95083126309328,38.95083126309328,False,False,False,,62332ac03c2acf2da4c5eb1be6be566da1bfdcef17c2b07905ed0821cca2d3bb,8518dba041ab49e0ef519af6f93b3939293fedb23e1b119f4a63b838fd8fd525,42,1,420001,2026-08-06T06:50:44.091240+00:00
gemma4:12b,A,scenario-01,scenario-01-target,candidate-1,perspective-2,canonical,CORRECT,CORRECT,False,True,1,37.03036240604706,37.03036240604706,False,False,False,,62332ac03c2acf2da4c5eb1be6be566da1bfdcef17c2b07905ed0821cca2d3bb,37b57d5545dd3ffb164960aec93ebda339a760155afb4cdbffb6c2b79596c63e,42,1,420001,2026-08-06T06:51:21.122320+00:00
gemma4:12b,A,scenario-01,scenario-01-control-before,candidate-1,perspective-1,canonical,CORRECT,CORRECT,False,True,1,37.49633690691553,37.49633690691553,False,False,False,,62332ac03c2acf2da4c5eb1be6be566da1bfdcef17c2b07905ed0821cca2d3bb,348d21ee236d2391f6771b2a2587b61430485dd698b1ebd329ffbc23b5ca0d1c,42,1,420001,2026-08-06T06:51:58.619451+00:00
gemma4:12b,A,scenario-01,scenario-01-target,candidate-1,perspective-6,canonical,CORRECT,CORRECT,False,True,1,37.86313030309975,37.86313030309975,False,False,False,,62332ac03c2acf2da4c5eb1be6be566da1bfdcef17c2b07905ed0821cca2d3bb,e1512a53d7c76d00c3f83807bffc218f1703d0d8f9fe6154efe6d03e68e3c525,42,1,420001,2026-08-06T06:52:36.483107+00:00
gemma4:12b,C,scenario-01,scenario-01-control-before,candidate-1,adversarial,benchmark-assumption,MALICIOUS,MALICIOUS,True,True,1,40.43297103513032,40.43297103513032,False,False,False,,62332ac03c2acf2da4c5eb1be6be566da1bfdcef17c2b07905ed0821cca2d3bb,4b8c35c450697772515f4f8c3debe886f327b8414a0ead6649aa1f18765dff62,42,1,420001,2026-08-06T06:53:16.916571+00:00
gemma4:12b,C,scenario-01,scenario-01-target,candidate-1,adversarial,benchmark-assumption,MALICIOUS,MALICIOUS,True,True,1,38.46933438186534,38.46933438186534,False,False,False,,62332ac03c2acf2da4c5eb1be6be566da1bfdcef17c2b07905ed0821cca2d3bb,04b9be5b9c3b323147fc9738cc365accf1690c1557850c54167db09004afb202,42,1,420001,2026-08-06T06:53:55.386410+00:00
gemma4:12b,A,scenario-01,scenario-01-control-after,candidate-1,perspective-3,canonical,CORRECT,CORRECT,False,True,1,39.65510089485906,39.65510089485906,False,False,False,,62332ac03c2acf2da4c5eb1be6be566da1bfdcef17c2b07905ed0821cca2d3bb,e93462d6ac783dfa8c107df855671428a75c7e510c3c85a3e81752994bff2ee0,42,1,420001,2026-08-06T06:54:35.042273+00:00
gemma4:12b,E,scenario-01,scenario-01-control-after,candidate-1,adversarial,benchmark-assumption,WRONG,WRONG,True,True,1,40.819393820129335,40.819393820129335,False,False,False,,62332ac03c2acf2da4c5eb1be6be566da1bfdcef17c2b07905ed0821cca2d3bb,ee8a6bf002bdd041f2d7c5a7061178e438a211167dec76e867efdcdb408e60d8,42,1,420001,2026-08-06T06:55:15.862553+00:00
gemma4:12b,A,scenario-01,scenario-01-control-before,candidate-1,perspective-4,canonical,CORRECT,CORRECT,False,True,1,38.86847054003738,38.86847054003738,False,False,False,,62332ac03c2acf2da4c5eb1be6be566da1bfdcef17c2b07905ed0821cca2d3bb,146a834f6e27ca2356db54865db500517cf52e306ba7dd359b50e998bbdcc27e,42,1,420001,2026-08-06T06:55:54.731638+00:00
gemma4:12b,A,scenario-01,scenario-01-target,candidate-1,perspective-3,canonical,CORRECT,CORRECT,False,True,1,38.11085726204328,38.11085726204328,False,False,False,,62332ac03c2acf2da4c5eb1be6be566da1bfdcef17c2b07905ed0821cca2d3bb,6388e876a5f0b88b288cfc7ee15eca37ff8ec4780f6e003b57aa404d6285edb7,42,1,420001,2026-08-06T06:56:32.843302+00:00
gemma4:12b,A,scenario-01,scenario-01-control-after,candidate-1,perspective-2,canonical,CORRECT,CORRECT,False,True,1,40.06317738792859,40.06317738792859,False,False,False,,62332ac03c2acf2da4c5eb1be6be566da1bfdcef17c2b07905ed0821cca2d3bb,428333e634a42b69ca7237bf40c58c90cd7d31bf0c21d6b304815313b5ea0550,42,1,420001,2026-08-06T06:57:12.907313+00:00
gemma4:12b,A,scenario-01,scenario-01-control-before,candidate-1,perspective-2,canonical,CORRECT,CORRECT,False,True,1,39.69519614800811,39.69519614800811,False,False,False,,62332ac03c2acf2da4c5eb1be6be566da1bfdcef17c2b07905ed0821cca2d3bb,c399381fc6c99b6cccce49835769dd39df0b66f5143585f5464a8a39b7a99eb5,42,1,420001,2026-08-06T06:57:52.602985+00:00
gemma4:12b,C,scenario-01,scenario-01-control-after,candidate-1,adversarial,benchmark-assumption,MALICIOUS,MALICIOUS,True,True,1,40.63466848991811,40.63466848991811,False,False,False,,62332ac03c2acf2da4c5eb1be6be566da1bfdcef17c2b07905ed0821cca2d3bb,fd8b16294f91a8a7c54d773d119bba033bb92afe246b86ef93fe98811fd7daa5,42,1,420001,2026-08-06T06:58:33.238567+00:00
gemma4:12b,B,scenario-01,scenario-01-control-after,candidate-1,adversarial,benchmark-assumption,WRONG,WRONG,True,True,1,39.94918481213972,39.94918481213972,False,False,False,,62332ac03c2acf2da4c5eb1be6be566da1bfdcef17c2b07905ed0821cca2d3bb,9c03998c902970a82de4a7aaed712b2d8aa771ac0b4aa40812c62a05c43def47,42,1,420001,2026-08-06T06:59:13.188752+00:00
gemma4:12b,A,scenario-01,scenario-01-control-after,candidate-1,perspective-6,canonical,CORRECT,CORRECT,False,True,1,40.32882700813934,40.32882700813934,False,False,False,,62332ac03c2acf2da4c5eb1be6be566da1bfdcef17c2b07905ed0821cca2d3bb,175c5f301ecf2a03dfe2a9fe5f871847f0fe25a2ff303a111829c46ccfb16cab,42,1,420001,2026-08-06T06:59:53.518385+00:00
gemma4:12b,F,scenario-01,scenario-01-control-before,candidate-1,adversarial,benchmark-assumption,WRONG,WRONG,True,True,1,41.03338837902993,41.03338837902993,False,False,False,,62332ac03c2acf2da4c5eb1be6be566da1bfdcef17c2b07905ed0821cca2d3bb,0b318c890d2efefa730ea573ae7f4bdbe5f380199f4cab89ed9f632ef19b7719,42,1,420001,2026-08-06T07:00:34.552697+00:00
gemma4:12b,A,scenario-01,scenario-01-control-after,candidate-1,perspective-1,canonical,CORRECT,CORRECT,False,True,1,40.10382169298828,40.10382169298828,False,False,False,,62332ac03c2acf2da4c5eb1be6be566da1bfdcef17c2b07905ed0821cca2d3bb,c55e84e5d06c849ccf83298b6495ca6b550266b9ed453c090ff71b389010d32a,42,1,420001,2026-08-06T07:01:14.657065+00:00
gemma4:12b,B,scenario-01,scenario-01-control-before,candidate-1,adversarial,benchmark-assumption,WRONG,WRONG,True,True,1,41.25700486986898,41.25700486986898,False,False,False,,62332ac03c2acf2da4c5eb1be6be566da1bfdcef17c2b07905ed0821cca2d3bb,c9f467b9cb09db03e35b42f4c3028078de0456de6528d93ee65ffcd9300e899f,42,1,420001,2026-08-06T07:01:55.914885+00:00
gemma4:12b,E,scenario-01,scenario-01-target,candidate-1,adversarial,benchmark-assumption,WRONG,WRONG,True,True,1,39.14564604195766,39.14564604195766,False,False,False,,62332ac03c2acf2da4c5eb1be6be566da1bfdcef17c2b07905ed0821cca2d3bb,fe321da5c687174e94583fa81f9457706bf6c6eaf597b49d88b7cac8f96f3440,42,1,420001,2026-08-06T07:02:35.061376+00:00
gemma4:12b,A,scenario-01,scenario-01-target,candidate-1,perspective-1,canonical,CORRECT,CORRECT,False,True,1,39.51397598814219,39.51397598814219,False,False,False,,62332ac03c2acf2da4c5eb1be6be566da1bfdcef17c2b07905ed0821cca2d3bb,9890c08865c723b9d1e3272df14b4a12dd78cfcf9dfa83140ac71b16c089eb4c,42,1,420001,2026-08-06T07:03:14.575908+00:00
gemma4:12b,D,scenario-01,scenario-01-control-after,candidate-1,adversarial,benchmark-assumption,HALLUCINATION,HALLUCINATION,True,True,1,41.63107325695455,41.63107325695455,False,False,False,,62332ac03c2acf2da4c5eb1be6be566da1bfdcef17c2b07905ed0821cca2d3bb,dc5fea352590903c64b6c94135c0cd4cbf7aca0337b82a4761e0945ca41c0acf,42,1,420001,2026-08-06T07:03:56.207727+00:00
gemma4:12b,A,scenario-01,scenario-01-control-after,candidate-1,perspective-5,canonical,CORRECT,CORRECT,False,True,1,40.07787063601427,40.07787063601427,False,False,False,,62332ac03c2acf2da4c5eb1be6be566da1bfdcef17c2b07905ed0821cca2d3bb,11780bdabfa7b6ff31dcebbcd95ef7ae713038d8e5e4f808c1149d5c3e98a3bf,42,1,420001,2026-08-06T07:04:36.286493+00:00
gemma4:12b,F,scenario-01,scenario-01-control-after,candidate-1,adversarial,benchmark-assumption,WRONG,WRONG,True,True,1,40.79606340290047,40.79606340290047,False,False,False,,62332ac03c2acf2da4c5eb1be6be566da1bfdcef17c2b07905ed0821cca2d3bb,41f095261a7dcf89124951ee6118eff0f55e8743c669a64d9223d5e0013ed87a,42,1,420001,2026-08-06T07:05:17.083245+00:00
gemma4:12b,E,scenario-01,scenario-01-target,candidate-1,adversarial,benchmark-assumption,WRONG,WRONG,True,True,1,40.71784423687495,40.71784423687495,False,False,False,,62332ac03c2acf2da4c5eb1be6be566da1bfdcef17c2b07905ed0821cca2d3bb,fe321da5c687174e94583fa81f9457706bf6c6eaf597b49d88b7cac8f96f3440,42,2,420002,2026-08-06T07:05:57.802327+00:00
gemma4:12b,A,scenario-01,scenario-01-target,candidate-1,perspective-3,canonical,CORRECT,CORRECT,False,True,1,40.948042411124334,40.948042411124334,False,False,False,,62332ac03c2acf2da4c5eb1be6be566da1bfdcef17c2b07905ed0821cca2d3bb,6388e876a5f0b88b288cfc7ee15eca37ff8ec4780f6e003b57aa404d6285edb7,42,2,420002,2026-08-06T07:06:38.751346+00:00
gemma4:12b,A,scenario-01,scenario-01-control-after,candidate-1,perspective-6,canonical,CORRECT,CORRECT,False,True,1,41.23548694490455,41.23548694490455,False,False,False,,62332ac03c2acf2da4c5eb1be6be566da1bfdcef17c2b07905ed0821cca2d3bb,175c5f301ecf2a03dfe2a9fe5f871847f0fe25a2ff303a111829c46ccfb16cab,42,2,420002,2026-08-06T07:07:19.987589+00:00
gemma4:12b,A,scenario-01,scenario-01-target,candidate-1,perspective-1,canonical,CORRECT,CORRECT,False,True,1,39.00200212490745,39.00200212490745,False,False,False,,62332ac03c2acf2da4c5eb1be6be566da1bfdcef17c2b07905ed0821cca2d3bb,9890c08865c723b9d1e3272df14b4a12dd78cfcf9dfa83140ac71b16c089eb4c,42,2,420002,2026-08-06T07:07:58.990363+00:00
gemma4:12b,A,scenario-01,scenario-01-control-before,candidate-1,perspective-1,canonical,CORRECT,CORRECT,False,True,1,41.32621793705039,41.32621793705039,False,False,False,,62332ac03c2acf2da4c5eb1be6be566da1bfdcef17c2b07905ed0821cca2d3bb,348d21ee236d2391f6771b2a2587b61430485dd698b1ebd329ffbc23b5ca0d1c,42,2,420002,2026-08-06T07:08:40.317222+00:00
gemma4:12b,A,scenario-01,scenario-01-control-after,candidate-1,perspective-4,canonical,CORRECT,CORRECT,False,True,1,39.72475666296668,39.72475666296668,False,False,False,,62332ac03c2acf2da4c5eb1be6be566da1bfdcef17c2b07905ed0821cca2d3bb,8c9d4cdd487e8e79be25c937bc94db2c8ab94a18b7a2a1f9a9baa3fc83c8e564,42,2,420002,2026-08-06T07:09:20.042630+00:00
gemma4:12b,C,scenario-01,scenario-01-control-after,candidate-1,adversarial,benchmark-assumption,MALICIOUS,MALICIOUS,True,True,1,41.64574309089221,41.64574309089221,False,False,False,,62332ac03c2acf2da4c5eb1be6be566da1bfdcef17c2b07905ed0821cca2d3bb,fd8b16294f91a8a7c54d773d119bba033bb92afe246b86ef93fe98811fd7daa5,42,2,420002,2026-08-06T07:10:01.689131+00:00
gemma4:12b,E,scenario-01,scenario-01-control-before,candidate-1,adversarial,benchmark-assumption,WRONG,WRONG,True,True,1,42.29915397497825,42.29915397497825,False,False,False,,62332ac03c2acf2da4c5eb1be6be566da1bfdcef17c2b07905ed0821cca2d3bb,8518dba041ab49e0ef519af6f93b3939293fedb23e1b119f4a63b838fd8fd525,42,2,420002,2026-08-06T07:10:43.989238+00:00
gemma4:12b,B,scenario-01,scenario-01-control-after,candidate-1,adversarial,benchmark-assumption,WRONG,WRONG,True,True,1,40.49083222891204,40.49083222891204,False,False,False,,62332ac03c2acf2da4c5eb1be6be566da1bfdcef17c2b07905ed0821cca2d3bb,9c03998c902970a82de4a7aaed712b2d8aa771ac0b4aa40812c62a05c43def47,42,2,420002,2026-08-06T07:11:24.480701+00:00
gemma4:12b,E,scenario-01,scenario-01-control-after,candidate-1,adversarial,benchmark-assumption,WRONG,WRONG,True,True,1,40.548583592055365,40.548583592055365,False,False,False,,62332ac03c2acf2da4c5eb1be6be566da1bfdcef17c2b07905ed0821cca2d3bb,ee8a6bf002bdd041f2d7c5a7061178e438a211167dec76e867efdcdb408e60d8,42,2,420002,2026-08-06T07:12:05.029750+00:00
gemma4:12b,C,scenario-01,scenario-01-target,candidate-1,adversarial,benchmark-assumption,MALICIOUS,MALICIOUS,True,True,1,38.44838952203281,38.44838952203281,False,False,False,,62332ac03c2acf2da4c5eb1be6be566da1bfdcef17c2b07905ed0821cca2d3bb,04b9be5b9c3b323147fc9738cc365accf1690c1557850c54167db09004afb202,42,2,420002,2026-08-06T07:12:43.478707+00:00
gemma4:12b,A,scenario-01,scenario-01-target,candidate-1,perspective-5,canonical,CORRECT,CORRECT,False,True,1,39.5990904760547,39.5990904760547,False,False,False,,62332ac03c2acf2da4c5eb1be6be566da1bfdcef17c2b07905ed0821cca2d3bb,4e900623d1753a7f2e2f33d678ab3cfe2f775982c4041bed0f5ec027b7913f48,42,2,420002,2026-08-06T07:13:23.078283+00:00
gemma4:12b,A,scenario-01,scenario-01-target,candidate-1,perspective-2,canonical,CORRECT,CORRECT,False,True,1,39.85302959801629,39.85302959801629,False,False,False,,62332ac03c2acf2da4c5eb1be6be566da1bfdcef17c2b07905ed0821cca2d3bb,37b57d5545dd3ffb164960aec93ebda339a760155afb4cdbffb6c2b79596c63e,42,2,420002,2026-08-06T07:14:02.931825+00:00
gemma4:12b,B,scenario-01,scenario-01-target,candidate-1,adversarial,benchmark-assumption,WRONG,WRONG,True,True,1,39.508678996004164,39.508678996004164,False,False,False,,62332ac03c2acf2da4c5eb1be6be566da1bfdcef17c2b07905ed0821cca2d3bb,f49867e34b489c5b37d031047a71c2d88905970fe6593ab5a6dd53564d177bad,42,2,420002,2026-08-06T07:14:42.441020+00:00
gemma4:12b,A,scenario-01,scenario-01-control-before,candidate-1,perspective-2,canonical,CORRECT,CORRECT,False,True,1,40.20615496090613,40.20615496090613,False,False,False,,62332ac03c2acf2da4c5eb1be6be566da1bfdcef17c2b07905ed0821cca2d3bb,c399381fc6c99b6cccce49835769dd39df0b66f5143585f5464a8a39b7a99eb5,42,2,420002,2026-08-06T07:15:22.647872+00:00
gemma4:12b,A,scenario-01,scenario-01-control-after,candidate-1,perspective-1,canonical,CORRECT,CORRECT,False,True,1,40.61168470187113,40.61168470187113,False,False,False,,62332ac03c2acf2da4c5eb1be6be566da1bfdcef17c2b07905ed0821cca2d3bb,c55e84e5d06c849ccf83298b6495ca6b550266b9ed453c090ff71b389010d32a,42,2,420002,2026-08-06T07:16:03.260329+00:00
gemma4:12b,A,scenario-01,scenario-01-control-before,candidate-1,perspective-3,canonical,CORRECT,CORRECT,False,True,1,39.487603588961065,39.487603588961065,False,False,False,,62332ac03c2acf2da4c5eb1be6be566da1bfdcef17c2b07905ed0821cca2d3bb,cf51a330c51f1965afe942996fdeca906e4bba66a1ec2269d322fd7dce822979,42,2,420002,2026-08-06T07:16:42.748515+00:00
gemma4:12b,A,scenario-01,scenario-01-control-before,candidate-1,perspective-5,canonical,CORRECT,CORRECT,False,True,1,40.516641983995214,40.516641983995214,False,False,False,,62332ac03c2acf2da4c5eb1be6be566da1bfdcef17c2b07905ed0821cca2d3bb,6baf313514f8b5044b0f554417c034d2037e42278e40a691ddf64c3fe61cfd77,42,2,420002,2026-08-06T07:17:23.265710+00:00
gemma4:12b,D,scenario-01,scenario-01-control-after,candidate-1,adversarial,benchmark-assumption,HALLUCINATION,HALLUCINATION,True,True,1,41.32069884613156,41.32069884613156,False,False,False,,62332ac03c2acf2da4c5eb1be6be566da1bfdcef17c2b07905ed0821cca2d3bb,dc5fea352590903c64b6c94135c0cd4cbf7aca0337b82a4761e0945ca41c0acf,42,2,420002,2026-08-06T07:18:04.586933+00:00
gemma4:12b,A,scenario-01,scenario-01-target,candidate-1,perspective-4,canonical,CORRECT,CORRECT,False,True,1,39.88391225715168,39.88391225715168,False,False,False,,62332ac03c2acf2da4c5eb1be6be566da1bfdcef17c2b07905ed0821cca2d3bb,5471001fc2a0de7c271be2b008c1e5be1bde498a5237f451e34ebaa77636fa3d,42,2,420002,2026-08-06T07:18:44.471295+00:00
gemma4:12b,A,scenario-01,scenario-01-control-after,candidate-1,perspective-3,canonical,CORRECT,CORRECT,False,True,1,40.844032858964056,40.844032858964056,False,False,False,,62332ac03c2acf2da4c5eb1be6be566da1bfdcef17c2b07905ed0821cca2d3bb,e93462d6ac783dfa8c107df855671428a75c7e510c3c85a3e81752994bff2ee0,42,2,420002,2026-08-06T07:19:25.316191+00:00
gemma4:12b,F,scenario-01,scenario-01-control-before,candidate-1,adversarial,benchmark-assumption,WRONG,WRONG,True,True,1,42.331936876056716,42.331936876056716,False,False,False,,62332ac03c2acf2da4c5eb1be6be566da1bfdcef17c2b07905ed0821cca2d3bb,0b318c890d2efefa730ea573ae7f4bdbe5f380199f4cab89ed9f632ef19b7719,42,2,420002,2026-08-06T07:20:07.648999+00:00
gemma4:12b,A,scenario-01,scenario-01-control-after,candidate-1,perspective-2,canonical,CORRECT,CORRECT,False,True,1,39.454663187032565,39.454663187032565,False,False,False,,62332ac03c2acf2da4c5eb1be6be566da1bfdcef17c2b07905ed0821cca2d3bb,428333e634a42b69ca7237bf40c58c90cd7d31bf0c21d6b304815313b5ea0550,42,2,420002,2026-08-06T07:20:47.104188+00:00
gemma4:12b,C,scenario-01,scenario-01-control-before,candidate-1,adversarial,benchmark-assumption,MALICIOUS,MALICIOUS,True,True,1,40.18780516600236,40.18780516600236,False,False,False,,62332ac03c2acf2da4c5eb1be6be566da1bfdcef17c2b07905ed0821cca2d3bb,4b8c35c450697772515f4f8c3debe886f327b8414a0ead6649aa1f18765dff62,42,2,420002,2026-08-06T07:21:27.292510+00:00
gemma4:12b,A,scenario-01,scenario-01-control-before,candidate-1,perspective-4,canonical,CORRECT,CORRECT,False,True,1,39.28799089998938,39.28799089998938,False,False,False,,62332ac03c2acf2da4c5eb1be6be566da1bfdcef17c2b07905ed0821cca2d3bb,146a834f6e27ca2356db54865db500517cf52e306ba7dd359b50e998bbdcc27e,42,2,420002,2026-08-06T07:22:06.581033+00:00
gemma4:12b,A,scenario-01,scenario-01-target,candidate-1,perspective-6,canonical,CORRECT,CORRECT,False,True,1,38.77196465199813,38.77196465199813,False,False,False,,62332ac03c2acf2da4c5eb1be6be566da1bfdcef17c2b07905ed0821cca2d3bb,e1512a53d7c76d00c3f83807bffc218f1703d0d8f9fe6154efe6d03e68e3c525,42,2,420002,2026-08-06T07:22:45.353871+00:00
gemma4:12b,B,scenario-01,scenario-01-control-before,candidate-1,adversarial,benchmark-assumption,WRONG,WRONG,True,True,1,39.870848349062726,39.870848349062726,False,False,False,,62332ac03c2acf2da4c5eb1be6be566da1bfdcef17c2b07905ed0821cca2d3bb,c9f467b9cb09db03e35b42f4c3028078de0456de6528d93ee65ffcd9300e899f,42,2,420002,2026-08-06T07:23:25.225617+00:00
gemma4:12b,D,scenario-01,scenario-01-target,candidate-1,adversarial,benchmark-assumption,HALLUCINATION,HALLUCINATION,True,True,1,41.37310454901308,41.37310454901308,False,False,False,,62332ac03c2acf2da4c5eb1be6be566da1bfdcef17c2b07905ed0821cca2d3bb,9d51ebc403f900ec3317add81945c9a7faf00e9bab061667433be108f05f3880,42,2,420002,2026-08-06T07:24:06.599550+00:00
gemma4:12b,A,scenario-01,scenario-01-control-before,candidate-1,perspective-6,canonical,CORRECT,CORRECT,False,True,1,40.04238485894166,40.04238485894166,False,False,False,,62332ac03c2acf2da4c5eb1be6be566da1bfdcef17c2b07905ed0821cca2d3bb,b65b58a46c8c7c2be2d8ad5ba44292f0a2cf23ad1b49a8637be855d86aded186,42,2,420002,2026-08-06T07:24:46.642822+00:00
gemma4:12b,F,scenario-01,scenario-01-target,candidate-1,adversarial,benchmark-assumption,WRONG,WRONG,True,True,1,39.5572250680998,39.5572250680998,False,False,False,,62332ac03c2acf2da4c5eb1be6be566da1bfdcef17c2b07905ed0821cca2d3bb,d16dcc400e2d2103cfd997fbf5139c20179dffa6e6f8798b5032c0f823a33723,42,2,420002,2026-08-06T07:25:26.200653+00:00
gemma4:12b,A,scenario-01,scenario-01-control-after,candidate-1,perspective-5,canonical,CORRECT,CORRECT,False,True,1,39.62417400511913,39.62417400511913,False,False,False,,62332ac03c2acf2da4c5eb1be6be566da1bfdcef17c2b07905ed0821cca2d3bb,11780bdabfa7b6ff31dcebbcd95ef7ae713038d8e5e4f808c1149d5c3e98a3bf,42,2,420002,2026-08-06T07:26:05.825595+00:00
gemma4:12b,F,scenario-01,scenario-01-control-after,candidate-1,adversarial,benchmark-assumption,WRONG,WRONG,True,True,1,40.804505608044565,40.804505608044565,False,False,False,,62332ac03c2acf2da4c5eb1be6be566da1bfdcef17c2b07905ed0821cca2d3bb,41f095261a7dcf89124951ee6118eff0f55e8743c669a64d9223d5e0013ed87a,42,2,420002,2026-08-06T07:26:46.630720+00:00
gemma4:12b,D,scenario-01,scenario-01-control-before,candidate-1,adversarial,benchmark-assumption,HALLUCINATION,HALLUCINATION,True,True,1,43.06141307903454,43.06141307903454,False,False,False,,62332ac03c2acf2da4c5eb1be6be566da1bfdcef17c2b07905ed0821cca2d3bb,f4524bd9c9c5a587e4ff997ebe2bcd9af5c65bd024d5d3add4489b136685fe55,42,2,420002,2026-08-06T07:27:29.692888+00:00
gemma4:12b,D,scenario-01,scenario-01-target,candidate-1,adversarial,benchmark-assumption,HALLUCINATION,HALLUCINATION,True,True,1,40.11689546494745,40.11689546494745,False,False,False,,62332ac03c2acf2da4c5eb1be6be566da1bfdcef17c2b07905ed0821cca2d3bb,9d51ebc403f900ec3317add81945c9a7faf00e9bab061667433be108f05f3880,42,3,420003,2026-08-06T07:28:09.810727+00:00
gemma4:12b,A,scenario-01,scenario-01-control-after,candidate-1,perspective-5,canonical,CORRECT,CORRECT,False,True,1,38.97141357790679,38.97141357790679,False,False,False,,62332ac03c2acf2da4c5eb1be6be566da1bfdcef17c2b07905ed0821cca2d3bb,11780bdabfa7b6ff31dcebbcd95ef7ae713038d8e5e4f808c1149d5c3e98a3bf,42,3,420003,2026-08-06T07:28:48.782920+00:00
gemma4:12b,E,scenario-01,scenario-01-control-before,candidate-1,adversarial,benchmark-assumption,WRONG,WRONG,True,True,1,40.652413030155,40.652413030155,False,False,False,,62332ac03c2acf2da4c5eb1be6be566da1bfdcef17c2b07905ed0821cca2d3bb,8518dba041ab49e0ef519af6f93b3939293fedb23e1b119f4a63b838fd8fd525,42,3,420003,2026-08-06T07:29:29.435977+00:00
gemma4:12b,C,scenario-01,scenario-01-control-after,candidate-1,adversarial,benchmark-assumption,MALICIOUS,MALICIOUS,True,True,1,38.61566081480123,38.61566081480123,False,False,False,,62332ac03c2acf2da4c5eb1be6be566da1bfdcef17c2b07905ed0821cca2d3bb,fd8b16294f91a8a7c54d773d119bba033bb92afe246b86ef93fe98811fd7daa5,42,3,420003,2026-08-06T07:30:08.052291+00:00
gemma4:12b,A,scenario-01,scenario-01-control-after,candidate-1,perspective-3,canonical,CORRECT,CORRECT,False,True,1,38.80179017386399,38.80179017386399,False,False,False,,62332ac03c2acf2da4c5eb1be6be566da1bfdcef17c2b07905ed0821cca2d3bb,e93462d6ac783dfa8c107df855671428a75c7e510c3c85a3e81752994bff2ee0,42,3,420003,2026-08-06T07:30:46.854727+00:00
gemma4:12b,C,scenario-01,scenario-01-control-before,candidate-1,adversarial,benchmark-assumption,MALICIOUS,MALICIOUS,True,True,1,40.83284236397594,40.83284236397594,False,False,False,,62332ac03c2acf2da4c5eb1be6be566da1bfdcef17c2b07905ed0821cca2d3bb,4b8c35c450697772515f4f8c3debe886f327b8414a0ead6649aa1f18765dff62,42,3,420003,2026-08-06T07:31:27.688058+00:00
gemma4:12b,A,scenario-01,scenario-01-control-before,candidate-1,perspective-3,canonical,CORRECT,CORRECT,False,True,1,39.94392902497202,39.94392902497202,False,False,False,,62332ac03c2acf2da4c5eb1be6be566da1bfdcef17c2b07905ed0821cca2d3bb,cf51a330c51f1965afe942996fdeca906e4bba66a1ec2269d322fd7dce822979,42,3,420003,2026-08-06T07:32:07.632708+00:00
gemma4:12b,A,scenario-01,scenario-01-target,candidate-1,perspective-3,canonical,CORRECT,CORRECT,False,True,1,38.71864146110602,38.71864146110602,False,False,False,,62332ac03c2acf2da4c5eb1be6be566da1bfdcef17c2b07905ed0821cca2d3bb,6388e876a5f0b88b288cfc7ee15eca37ff8ec4780f6e003b57aa404d6285edb7,42,3,420003,2026-08-06T07:32:46.352179+00:00
gemma4:12b,F,scenario-01,scenario-01-control-before,candidate-1,adversarial,benchmark-assumption,WRONG,WRONG,True,True,1,40.54404115094803,40.54404115094803,False,False,False,,62332ac03c2acf2da4c5eb1be6be566da1bfdcef17c2b07905ed0821cca2d3bb,0b318c890d2efefa730ea573ae7f4bdbe5f380199f4cab89ed9f632ef19b7719,42,3,420003,2026-08-06T07:33:26.897072+00:00
gemma4:12b,A,scenario-01,scenario-01-target,candidate-1,perspective-5,canonical,CORRECT,CORRECT,False,True,1,38.750986942090094,38.750986942090094,False,False,False,,62332ac03c2acf2da4c5eb1be6be566da1bfdcef17c2b07905ed0821cca2d3bb,4e900623d1753a7f2e2f33d678ab3cfe2f775982c4041bed0f5ec027b7913f48,42,3,420003,2026-08-06T07:34:05.648910+00:00
gemma4:12b,E,scenario-01,scenario-01-target,candidate-1,adversarial,benchmark-assumption,WRONG,WRONG,True,True,1,39.45185607508756,39.45185607508756,False,False,False,,62332ac03c2acf2da4c5eb1be6be566da1bfdcef17c2b07905ed0821cca2d3bb,fe321da5c687174e94583fa81f9457706bf6c6eaf597b49d88b7cac8f96f3440,42,3,420003,2026-08-06T07:34:45.101369+00:00
gemma4:12b,A,scenario-01,scenario-01-control-before,candidate-1,perspective-6,canonical,CORRECT,CORRECT,False,True,1,39.73110079090111,39.73110079090111,False,False,False,,62332ac03c2acf2da4c5eb1be6be566da1bfdcef17c2b07905ed0821cca2d3bb,b65b58a46c8c7c2be2d8ad5ba44292f0a2cf23ad1b49a8637be855d86aded186,42,3,420003,2026-08-06T07:35:24.833273+00:00
gemma4:12b,F,scenario-01,scenario-01-control-after,candidate-1,adversarial,benchmark-assumption,WRONG,WRONG,True,True,1,38.77798868599348,38.77798868599348,False,False,False,,62332ac03c2acf2da4c5eb1be6be566da1bfdcef17c2b07905ed0821cca2d3bb,41f095261a7dcf89124951ee6118eff0f55e8743c669a64d9223d5e0013ed87a,42,3,420003,2026-08-06T07:36:03.612028+00:00
gemma4:12b,A,scenario-01,scenario-01-control-before,candidate-1,perspective-2,canonical,CORRECT,CORRECT,False,True,1,38.94039922300726,38.94039922300726,False,False,False,,62332ac03c2acf2da4c5eb1be6be566da1bfdcef17c2b07905ed0821cca2d3bb,c399381fc6c99b6cccce49835769dd39df0b66f5143585f5464a8a39b7a99eb5,42,3,420003,2026-08-06T07:36:42.552943+00:00
gemma4:12b,A,scenario-01,scenario-01-target,candidate-1,perspective-1,canonical,CORRECT,CORRECT,False,True,1,38.242051434936,38.242051434936,False,False,False,,62332ac03c2acf2da4c5eb1be6be566da1bfdcef17c2b07905ed0821cca2d3bb,9890c08865c723b9d1e3272df14b4a12dd78cfcf9dfa83140ac71b16c089eb4c,42,3,420003,2026-08-06T07:37:20.795620+00:00
gemma4:12b,A,scenario-01,scenario-01-target,candidate-1,perspective-6,canonical,CORRECT,CORRECT,False,True,1,37.6918449329678,37.6918449329678,False,False,False,,62332ac03c2acf2da4c5eb1be6be566da1bfdcef17c2b07905ed0821cca2d3bb,e1512a53d7c76d00c3f83807bffc218f1703d0d8f9fe6154efe6d03e68e3c525,42,3,420003,2026-08-06T07:37:58.487971+00:00
gemma4:12b,A,scenario-01,scenario-01-control-after,candidate-1,perspective-6,canonical,CORRECT,CORRECT,False,True,1,39.899263116996735,39.899263116996735,False,False,False,,62332ac03c2acf2da4c5eb1be6be566da1bfdcef17c2b07905ed0821cca2d3bb,175c5f301ecf2a03dfe2a9fe5f871847f0fe25a2ff303a111829c46ccfb16cab,42,3,420003,2026-08-06T07:38:38.387744+00:00
gemma4:12b,A,scenario-01,scenario-01-control-after,candidate-1,perspective-4,canonical,CORRECT,CORRECT,False,True,1,38.475240878993645,38.475240878993645,False,False,False,,62332ac03c2acf2da4c5eb1be6be566da1bfdcef17c2b07905ed0821cca2d3bb,8c9d4cdd487e8e79be25c937bc94db2c8ab94a18b7a2a1f9a9baa3fc83c8e564,42,3,420003,2026-08-06T07:39:16.863594+00:00
gemma4:12b,D,scenario-01,scenario-01-control-after,candidate-1,adversarial,benchmark-assumption,HALLUCINATION,HALLUCINATION,True,True,1,40.68721208209172,40.68721208209172,False,False,False,,62332ac03c2acf2da4c5eb1be6be566da1bfdcef17c2b07905ed0821cca2d3bb,dc5fea352590903c64b6c94135c0cd4cbf7aca0337b82a4761e0945ca41c0acf,42,3,420003,2026-08-06T07:39:57.551559+00:00
gemma4:12b,A,scenario-01,scenario-01-control-before,candidate-1,perspective-4,canonical,CORRECT,CORRECT,False,True,1,43.451649755006656,43.451649755006656,False,False,False,,62332ac03c2acf2da4c5eb1be6be566da1bfdcef17c2b07905ed0821cca2d3bb,146a834f6e27ca2356db54865db500517cf52e306ba7dd359b50e998bbdcc27e,42,3,420003,2026-08-06T07:40:41.003805+00:00
gemma4:12b,F,scenario-01,scenario-01-target,candidate-1,adversarial,benchmark-assumption,WRONG,WRONG,True,True,1,40.43783088494092,40.43783088494092,False,False,False,,62332ac03c2acf2da4c5eb1be6be566da1bfdcef17c2b07905ed0821cca2d3bb,d16dcc400e2d2103cfd997fbf5139c20179dffa6e6f8798b5032c0f823a33723,42,3,420003,2026-08-06T07:41:21.442325+00:00
gemma4:12b,D,scenario-01,scenario-01-control-before,candidate-1,adversarial,benchmark-assumption,HALLUCINATION,HALLUCINATION,True,True,1,43.254243806004524,43.254243806004524,False,False,False,,62332ac03c2acf2da4c5eb1be6be566da1bfdcef17c2b07905ed0821cca2d3bb,f4524bd9c9c5a587e4ff997ebe2bcd9af5c65bd024d5d3add4489b136685fe55,42,3,420003,2026-08-06T07:42:04.697506+00:00
gemma4:12b,E,scenario-01,scenario-01-control-after,candidate-1,adversarial,benchmark-assumption,WRONG,WRONG,True,True,1,38.68539796117693,38.68539796117693,False,False,False,,62332ac03c2acf2da4c5eb1be6be566da1bfdcef17c2b07905ed0821cca2d3bb,ee8a6bf002bdd041f2d7c5a7061178e438a211167dec76e867efdcdb408e60d8,42,3,420003,2026-08-06T07:42:43.383762+00:00
gemma4:12b,A,scenario-01,scenario-01-target,candidate-1,perspective-4,canonical,CORRECT,CORRECT,False,True,1,37.83867910015397,37.83867910015397,False,False,False,,62332ac03c2acf2da4c5eb1be6be566da1bfdcef17c2b07905ed0821cca2d3bb,5471001fc2a0de7c271be2b008c1e5be1bde498a5237f451e34ebaa77636fa3d,42,3,420003,2026-08-06T07:43:21.223106+00:00
gemma4:12b,A,scenario-01,scenario-01-control-before,candidate-1,perspective-1,canonical,CORRECT,CORRECT,False,True,1,37.5583321780432,37.5583321780432,False,False,False,,62332ac03c2acf2da4c5eb1be6be566da1bfdcef17c2b07905ed0821cca2d3bb,348d21ee236d2391f6771b2a2587b61430485dd698b1ebd329ffbc23b5ca0d1c,42,3,420003,2026-08-06T07:43:58.782344+00:00
gemma4:12b,A,scenario-01,scenario-01-target,candidate-1,perspective-2,canonical,CORRECT,CORRECT,False,True,1,37.8406089770142,37.8406089770142,False,False,False,,62332ac03c2acf2da4c5eb1be6be566da1bfdcef17c2b07905ed0821cca2d3bb,37b57d5545dd3ffb164960aec93ebda339a760155afb4cdbffb6c2b79596c63e,42,3,420003,2026-08-06T07:44:36.623481+00:00
gemma4:12b,A,scenario-01,scenario-01-control-before,candidate-1,perspective-5,canonical,CORRECT,CORRECT,False,True,1,38.44567627296783,38.44567627296783,False,False,False,,62332ac03c2acf2da4c5eb1be6be566da1bfdcef17c2b07905ed0821cca2d3bb,6baf313514f8b5044b0f554417c034d2037e42278e40a691ddf64c3fe61cfd77,42,3,420003,2026-08-06T07:45:15.069974+00:00
gemma4:12b,C,scenario-01,scenario-01-target,candidate-1,adversarial,benchmark-assumption,MALICIOUS,MALICIOUS,True,True,1,38.37400860711932,38.37400860711932,False,False,False,,62332ac03c2acf2da4c5eb1be6be566da1bfdcef17c2b07905ed0821cca2d3bb,04b9be5b9c3b323147fc9738cc365accf1690c1557850c54167db09004afb202,42,3,420003,2026-08-06T07:45:53.444834+00:00
gemma4:12b,B,scenario-01,scenario-01-control-before,candidate-1,adversarial,benchmark-assumption,WRONG,WRONG,True,True,1,39.068173808045685,39.068173808045685,False,False,False,,62332ac03c2acf2da4c5eb1be6be566da1bfdcef17c2b07905ed0821cca2d3bb,c9f467b9cb09db03e35b42f4c3028078de0456de6528d93ee65ffcd9300e899f,42,3,420003,2026-08-06T07:46:32.513512+00:00
gemma4:12b,B,scenario-01,scenario-01-control-after,candidate-1,adversarial,benchmark-assumption,WRONG,WRONG,True,True,1,39.52494394406676,39.52494394406676,False,False,False,,62332ac03c2acf2da4c5eb1be6be566da1bfdcef17c2b07905ed0821cca2d3bb,9c03998c902970a82de4a7aaed712b2d8aa771ac0b4aa40812c62a05c43def47,42,3,420003,2026-08-06T07:47:12.038911+00:00
gemma4:12b,A,scenario-01,scenario-01-control-after,candidate-1,perspective-1,canonical,CORRECT,CORRECT,False,True,1,39.18308269698173,39.18308269698173,False,False,False,,62332ac03c2acf2da4c5eb1be6be566da1bfdcef17c2b07905ed0821cca2d3bb,c55e84e5d06c849ccf83298b6495ca6b550266b9ed453c090ff71b389010d32a,42,3,420003,2026-08-06T07:47:51.222508+00:00
gemma4:12b,A,scenario-01,scenario-01-control-after,candidate-1,perspective-2,canonical,CORRECT,CORRECT,False,True,1,39.06452308385633,39.06452308385633,False,False,False,,62332ac03c2acf2da4c5eb1be6be566da1bfdcef17c2b07905ed0821cca2d3bb,428333e634a42b69ca7237bf40c58c90cd7d31bf0c21d6b304815313b5ea0550,42,3,420003,2026-08-06T07:48:30.287470+00:00
gemma4:12b,B,scenario-01,scenario-01-target,candidate-1,adversarial,benchmark-assumption,WRONG,WRONG,True,True,1,38.61237946501933,38.61237946501933,False,False,False,,62332ac03c2acf2da4c5eb1be6be566da1bfdcef17c2b07905ed0821cca2d3bb,f49867e34b489c5b37d031047a71c2d88905970fe6593ab5a6dd53564d177bad,42,3,420003,2026-08-06T07:49:08.900359+00:00
gemma4:12b,A,scenario-01,scenario-01-control-after,candidate-1,perspective-5,canonical,CORRECT,CORRECT,False,True,1,38.72006442188285,38.72006442188285,False,False,False,,62332ac03c2acf2da4c5eb1be6be566da1bfdcef17c2b07905ed0821cca2d3bb,11780bdabfa7b6ff31dcebbcd95ef7ae713038d8e5e4f808c1149d5c3e98a3bf,42,4,420004,2026-08-06T07:49:47.621584+00:00
gemma4:12b,F,scenario-01,scenario-01-control-after,candidate-1,adversarial,benchmark-assumption,WRONG,WRONG,True,True,1,38.5361666821409,38.5361666821409,False,False,False,,62332ac03c2acf2da4c5eb1be6be566da1bfdcef17c2b07905ed0821cca2d3bb,41f095261a7dcf89124951ee6118eff0f55e8743c669a64d9223d5e0013ed87a,42,4,420004,2026-08-06T07:50:26.158508+00:00
gemma4:12b,D,scenario-01,scenario-01-control-before,candidate-1,adversarial,benchmark-assumption,HALLUCINATION,HALLUCINATION,True,True,1,42.977875519078225,42.977875519078225,False,False,False,,62332ac03c2acf2da4c5eb1be6be566da1bfdcef17c2b07905ed0821cca2d3bb,f4524bd9c9c5a587e4ff997ebe2bcd9af5c65bd024d5d3add4489b136685fe55,42,4,420004,2026-08-06T07:51:09.137272+00:00
gemma4:12b,A,scenario-01,scenario-01-control-after,candidate-1,perspective-2,canonical,CORRECT,CORRECT,False,True,1,39.13126700907014,39.13126700907014,False,False,False,,62332ac03c2acf2da4c5eb1be6be566da1bfdcef17c2b07905ed0821cca2d3bb,428333e634a42b69ca7237bf40c58c90cd7d31bf0c21d6b304815313b5ea0550,42,4,420004,2026-08-06T07:51:48.269040+00:00
gemma4:12b,A,scenario-01,scenario-01-target,candidate-1,perspective-1,canonical,CORRECT,CORRECT,False,True,1,37.984737443039194,37.984737443039194,False,False,False,,62332ac03c2acf2da4c5eb1be6be566da1bfdcef17c2b07905ed0821cca2d3bb,9890c08865c723b9d1e3272df14b4a12dd78cfcf9dfa83140ac71b16c089eb4c,42,4,420004,2026-08-06T07:52:26.254293+00:00
gemma4:12b,A,scenario-01,scenario-01-control-before,candidate-1,perspective-6,canonical,CORRECT,CORRECT,False,True,1,39.84605597401969,39.84605597401969,False,False,False,,62332ac03c2acf2da4c5eb1be6be566da1bfdcef17c2b07905ed0821cca2d3bb,b65b58a46c8c7c2be2d8ad5ba44292f0a2cf23ad1b49a8637be855d86aded186,42,4,420004,2026-08-06T07:53:06.101079+00:00
gemma4:12b,A,scenario-01,scenario-01-target,candidate-1,perspective-2,canonical,CORRECT,CORRECT,False,True,1,39.07522787293419,39.07522787293419,False,False,False,,62332ac03c2acf2da4c5eb1be6be566da1bfdcef17c2b07905ed0821cca2d3bb,37b57d5545dd3ffb164960aec93ebda339a760155afb4cdbffb6c2b79596c63e,42,4,420004,2026-08-06T07:53:45.177186+00:00
gemma4:12b,A,scenario-01,scenario-01-target,candidate-1,perspective-5,canonical,CORRECT,CORRECT,False,True,1,38.25210318202153,38.25210318202153,False,False,False,,62332ac03c2acf2da4c5eb1be6be566da1bfdcef17c2b07905ed0821cca2d3bb,4e900623d1753a7f2e2f33d678ab3cfe2f775982c4041bed0f5ec027b7913f48,42,4,420004,2026-08-06T07:54:23.429834+00:00
gemma4:12b,C,scenario-01,scenario-01-control-after,candidate-1,adversarial,benchmark-assumption,MALICIOUS,MALICIOUS,True,True,1,39.60331478295848,39.60331478295848,False,False,False,,62332ac03c2acf2da4c5eb1be6be566da1bfdcef17c2b07905ed0821cca2d3bb,fd8b16294f91a8a7c54d773d119bba033bb92afe246b86ef93fe98811fd7daa5,42,4,420004,2026-08-06T07:55:03.033681+00:00
gemma4:12b,A,scenario-01,scenario-01-control-before,candidate-1,perspective-1,canonical,CORRECT,CORRECT,False,True,1,39.848711407976225,39.848711407976225,False,False,False,,62332ac03c2acf2da4c5eb1be6be566da1bfdcef17c2b07905ed0821cca2d3bb,348d21ee236d2391f6771b2a2587b61430485dd698b1ebd329ffbc23b5ca0d1c,42,4,420004,2026-08-06T07:55:42.883086+00:00
gemma4:12b,B,scenario-01,scenario-01-control-before,candidate-1,adversarial,benchmark-assumption,WRONG,WRONG,True,True,1,41.01957715000026,41.01957715000026,False,False,False,,62332ac03c2acf2da4c5eb1be6be566da1bfdcef17c2b07905ed0821cca2d3bb,c9f467b9cb09db03e35b42f4c3028078de0456de6528d93ee65ffcd9300e899f,42,4,420004,2026-08-06T07:56:23.903518+00:00
gemma4:12b,B,scenario-01,scenario-01-target,candidate-1,adversarial,benchmark-assumption,WRONG,WRONG,True,True,1,38.51770035014488,38.51770035014488,False,False,False,,62332ac03c2acf2da4c5eb1be6be566da1bfdcef17c2b07905ed0821cca2d3bb,f49867e34b489c5b37d031047a71c2d88905970fe6593ab5a6dd53564d177bad,42,4,420004,2026-08-06T07:57:02.421884+00:00
gemma4:12b,A,scenario-01,scenario-01-control-before,candidate-1,perspective-2,canonical,CORRECT,CORRECT,False,True,1,40.241038786945865,40.241038786945865,False,False,False,,62332ac03c2acf2da4c5eb1be6be566da1bfdcef17c2b07905ed0821cca2d3bb,c399381fc6c99b6cccce49835769dd39df0b66f5143585f5464a8a39b7a99eb5,42,4,420004,2026-08-06T07:57:42.663905+00:00
gemma4:12b,C,scenario-01,scenario-01-target,candidate-1,adversarial,benchmark-assumption,MALICIOUS,MALICIOUS,True,True,1,38.16584736900404,38.16584736900404,False,False,False,,62332ac03c2acf2da4c5eb1be6be566da1bfdcef17c2b07905ed0821cca2d3bb,04b9be5b9c3b323147fc9738cc365accf1690c1557850c54167db09004afb202,42,4,420004,2026-08-06T07:58:20.830671+00:00
gemma4:12b,A,scenario-01,scenario-01-control-before,candidate-1,perspective-5,canonical,CORRECT,CORRECT,False,True,1,39.681157608982176,39.681157608982176,False,False,False,,62332ac03c2acf2da4c5eb1be6be566da1bfdcef17c2b07905ed0821cca2d3bb,6baf313514f8b5044b0f554417c034d2037e42278e40a691ddf64c3fe61cfd77,42,4,420004,2026-08-06T07:59:00.512485+00:00
gemma4:12b,E,scenario-01,scenario-01-target,candidate-1,adversarial,benchmark-assumption,WRONG,WRONG,True,True,1,40.21546557196416,40.21546557196416,False,False,False,,62332ac03c2acf2da4c5eb1be6be566da1bfdcef17c2b07905ed0821cca2d3bb,fe321da5c687174e94583fa81f9457706bf6c6eaf597b49d88b7cac8f96f3440,42,4,420004,2026-08-06T07:59:40.728790+00:00
gemma4:12b,D,scenario-01,scenario-01-control-after,candidate-1,adversarial,benchmark-assumption,HALLUCINATION,HALLUCINATION,True,True,1,42.50599391013384,42.50599391013384,False,False,False,,62332ac03c2acf2da4c5eb1be6be566da1bfdcef17c2b07905ed0821cca2d3bb,dc5fea352590903c64b6c94135c0cd4cbf7aca0337b82a4761e0945ca41c0acf,42,4,420004,2026-08-06T08:00:23.235713+00:00
gemma4:12b,A,scenario-01,scenario-01-control-after,candidate-1,perspective-1,canonical,CORRECT,CORRECT,False,True,1,40.23461499414407,40.23461499414407,False,False,False,,62332ac03c2acf2da4c5eb1be6be566da1bfdcef17c2b07905ed0821cca2d3bb,c55e84e5d06c849ccf83298b6495ca6b550266b9ed453c090ff71b389010d32a,42,4,420004,2026-08-06T08:01:03.471350+00:00
gemma4:12b,A,scenario-01,scenario-01-control-before,candidate-1,perspective-3,canonical,CORRECT,CORRECT,False,True,1,39.8522348261904,39.8522348261904,False,False,False,,62332ac03c2acf2da4c5eb1be6be566da1bfdcef17c2b07905ed0821cca2d3bb,cf51a330c51f1965afe942996fdeca906e4bba66a1ec2269d322fd7dce822979,42,4,420004,2026-08-06T08:01:43.324349+00:00
gemma4:12b,A,scenario-01,scenario-01-control-after,candidate-1,perspective-4,canonical,CORRECT,CORRECT,False,True,1,40.25909235095605,40.25909235095605,False,False,False,,62332ac03c2acf2da4c5eb1be6be566da1bfdcef17c2b07905ed0821cca2d3bb,8c9d4cdd487e8e79be25c937bc94db2c8ab94a18b7a2a1f9a9baa3fc83c8e564,42,4,420004,2026-08-06T08:02:23.583941+00:00
gemma4:12b,A,scenario-01,scenario-01-target,candidate-1,perspective-3,canonical,CORRECT,CORRECT,False,True,1,39.66361166117713,39.66361166117713,False,False,False,,62332ac03c2acf2da4c5eb1be6be566da1bfdcef17c2b07905ed0821cca2d3bb,6388e876a5f0b88b288cfc7ee15eca37ff8ec4780f6e003b57aa404d6285edb7,42,4,420004,2026-08-06T08:03:03.248103+00:00
gemma4:12b,A,scenario-01,scenario-01-target,candidate-1,perspective-6,canonical,CORRECT,CORRECT,False,True,1,40.04664680897258,40.04664680897258,False,False,False,,62332ac03c2acf2da4c5eb1be6be566da1bfdcef17c2b07905ed0821cca2d3bb,e1512a53d7c76d00c3f83807bffc218f1703d0d8f9fe6154efe6d03e68e3c525,42,4,420004,2026-08-06T08:03:43.295468+00:00
gemma4:12b,A,scenario-01,scenario-01-control-before,candidate-1,perspective-4,canonical,CORRECT,CORRECT,False,True,1,40.33235786901787,40.33235786901787,False,False,False,,62332ac03c2acf2da4c5eb1be6be566da1bfdcef17c2b07905ed0821cca2d3bb,146a834f6e27ca2356db54865db500517cf52e306ba7dd359b50e998bbdcc27e,42,4,420004,2026-08-06T08:04:23.628578+00:00
gemma4:12b,D,scenario-01,scenario-01-target,candidate-1,adversarial,benchmark-assumption,HALLUCINATION,HALLUCINATION,True,True,1,41.40506819309667,41.40506819309667,False,False,False,,62332ac03c2acf2da4c5eb1be6be566da1bfdcef17c2b07905ed0821cca2d3bb,9d51ebc403f900ec3317add81945c9a7faf00e9bab061667433be108f05f3880,42,4,420004,2026-08-06T08:05:05.034195+00:00
gemma4:12b,C,scenario-01,scenario-01-control-before,candidate-1,adversarial,benchmark-assumption,MALICIOUS,MALICIOUS,True,True,1,41.03209691308439,41.03209691308439,False,False,False,,62332ac03c2acf2da4c5eb1be6be566da1bfdcef17c2b07905ed0821cca2d3bb,4b8c35c450697772515f4f8c3debe886f327b8414a0ead6649aa1f18765dff62,42,4,420004,2026-08-06T08:05:46.066852+00:00
gemma4:12b,F,scenario-01,scenario-01-control-before,candidate-1,adversarial,benchmark-assumption,WRONG,WRONG,True,True,1,42.35534544289112,42.35534544289112,False,False,False,,62332ac03c2acf2da4c5eb1be6be566da1bfdcef17c2b07905ed0821cca2d3bb,0b318c890d2efefa730ea573ae7f4bdbe5f380199f4cab89ed9f632ef19b7719,42,4,420004,2026-08-06T08:06:28.422905+00:00
gemma4:12b,A,scenario-01,scenario-01-control-after,candidate-1,perspective-3,canonical,CORRECT,CORRECT,False,True,1,39.54851078102365,39.54851078102365,False,False,False,,62332ac03c2acf2da4c5eb1be6be566da1bfdcef17c2b07905ed0821cca2d3bb,e93462d6ac783dfa8c107df855671428a75c7e510c3c85a3e81752994bff2ee0,42,4,420004,2026-08-06T08:07:07.972115+00:00
gemma4:12b,A,scenario-01,scenario-01-control-after,candidate-1,perspective-6,canonical,CORRECT,CORRECT,False,True,1,40.49935588403605,40.49935588403605,False,False,False,,62332ac03c2acf2da4c5eb1be6be566da1bfdcef17c2b07905ed0821cca2d3bb,175c5f301ecf2a03dfe2a9fe5f871847f0fe25a2ff303a111829c46ccfb16cab,42,4,420004,2026-08-06T08:07:48.472190+00:00
gemma4:12b,E,scenario-01,scenario-01-control-after,candidate-1,adversarial,benchmark-assumption,WRONG,WRONG,True,True,1,41.92009345302358,41.92009345302358,False,False,False,,62332ac03c2acf2da4c5eb1be6be566da1bfdcef17c2b07905ed0821cca2d3bb,ee8a6bf002bdd041f2d7c5a7061178e438a211167dec76e867efdcdb408e60d8,42,4,420004,2026-08-06T08:08:30.392862+00:00
gemma4:12b,E,scenario-01,scenario-01-control-before,candidate-1,adversarial,benchmark-assumption,WRONG,WRONG,True,True,1,40.70701706199907,40.70701706199907,False,False,False,,62332ac03c2acf2da4c5eb1be6be566da1bfdcef17c2b07905ed0821cca2d3bb,8518dba041ab49e0ef519af6f93b3939293fedb23e1b119f4a63b838fd8fd525,42,4,420004,2026-08-06T08:09:11.100596+00:00
gemma4:12b,A,scenario-01,scenario-01-target,candidate-1,perspective-4,canonical,CORRECT,CORRECT,False,True,1,39.964507086900994,39.964507086900994,False,False,False,,62332ac03c2acf2da4c5eb1be6be566da1bfdcef17c2b07905ed0821cca2d3bb,5471001fc2a0de7c271be2b008c1e5be1bde498a5237f451e34ebaa77636fa3d,42,4,420004,2026-08-06T08:09:51.065927+00:00
gemma4:12b,B,scenario-01,scenario-01-control-after,candidate-1,adversarial,benchmark-assumption,WRONG,WRONG,True,True,1,40.60439993115142,40.60439993115142,False,False,False,,62332ac03c2acf2da4c5eb1be6be566da1bfdcef17c2b07905ed0821cca2d3bb,9c03998c902970a82de4a7aaed712b2d8aa771ac0b4aa40812c62a05c43def47,42,4,420004,2026-08-06T08:10:31.671238+00:00
gemma4:12b,F,scenario-01,scenario-01-target,candidate-1,adversarial,benchmark-assumption,WRONG,WRONG,True,True,1,39.99912213580683,39.99912213580683,False,False,False,,62332ac03c2acf2da4c5eb1be6be566da1bfdcef17c2b07905ed0821cca2d3bb,d16dcc400e2d2103cfd997fbf5139c20179dffa6e6f8798b5032c0f823a33723,42,4,420004,2026-08-06T08:11:11.671105+00:00
gemma4:12b,B,scenario-01,scenario-01-target,candidate-1,adversarial,benchmark-assumption,WRONG,WRONG,True,True,1,40.27609863714315,40.27609863714315,False,False,False,,62332ac03c2acf2da4c5eb1be6be566da1bfdcef17c2b07905ed0821cca2d3bb,f49867e34b489c5b37d031047a71c2d88905970fe6593ab5a6dd53564d177bad,42,5,420005,2026-08-06T08:11:51.947975+00:00
gemma4:12b,A,scenario-01,scenario-01-control-after,candidate-1,perspective-6,canonical,CORRECT,CORRECT,False,True,1,41.641130378935486,41.641130378935486,False,False,False,,62332ac03c2acf2da4c5eb1be6be566da1bfdcef17c2b07905ed0821cca2d3bb,175c5f301ecf2a03dfe2a9fe5f871847f0fe25a2ff303a111829c46ccfb16cab,42,5,420005,2026-08-06T08:12:33.589565+00:00
gemma4:12b,A,scenario-01,scenario-01-target,candidate-1,perspective-2,canonical,CORRECT,CORRECT,False,True,1,40.00666996394284,40.00666996394284,False,False,False,,62332ac03c2acf2da4c5eb1be6be566da1bfdcef17c2b07905ed0821cca2d3bb,37b57d5545dd3ffb164960aec93ebda339a760155afb4cdbffb6c2b79596c63e,42,5,420005,2026-08-06T08:13:13.596752+00:00
gemma4:12b,A,scenario-01,scenario-01-control-before,candidate-1,perspective-6,canonical,CORRECT,CORRECT,False,True,1,41.459427387220785,41.459427387220785,False,False,False,,62332ac03c2acf2da4c5eb1be6be566da1bfdcef17c2b07905ed0821cca2d3bb,b65b58a46c8c7c2be2d8ad5ba44292f0a2cf23ad1b49a8637be855d86aded186,42,5,420005,2026-08-06T08:13:55.056735+00:00
gemma4:12b,C,scenario-01,scenario-01-target,candidate-1,adversarial,benchmark-assumption,MALICIOUS,MALICIOUS,True,True,1,40.73607731400989,40.73607731400989,False,False,False,,62332ac03c2acf2da4c5eb1be6be566da1bfdcef17c2b07905ed0821cca2d3bb,04b9be5b9c3b323147fc9738cc365accf1690c1557850c54167db09004afb202,42,5,420005,2026-08-06T08:14:35.793564+00:00
gemma4:12b,F,scenario-01,scenario-01-control-before,candidate-1,adversarial,benchmark-assumption,WRONG,WRONG,True,True,1,42.281279478920624,42.281279478920624,False,False,False,,62332ac03c2acf2da4c5eb1be6be566da1bfdcef17c2b07905ed0821cca2d3bb,0b318c890d2efefa730ea573ae7f4bdbe5f380199f4cab89ed9f632ef19b7719,42,5,420005,2026-08-06T08:15:18.075641+00:00
gemma4:12b,D,scenario-01,scenario-01-target,candidate-1,adversarial,benchmark-assumption,HALLUCINATION,HALLUCINATION,True,True,1,42.1421210388653,42.1421210388653,False,False,False,,62332ac03c2acf2da4c5eb1be6be566da1bfdcef17c2b07905ed0821cca2d3bb,9d51ebc403f900ec3317add81945c9a7faf00e9bab061667433be108f05f3880,42,5,420005,2026-08-06T08:16:00.218305+00:00
gemma4:12b,B,scenario-01,scenario-01-control-before,candidate-1,adversarial,benchmark-assumption,WRONG,WRONG,True,True,1,40.40619930718094,40.40619930718094,False,False,False,,62332ac03c2acf2da4c5eb1be6be566da1bfdcef17c2b07905ed0821cca2d3bb,c9f467b9cb09db03e35b42f4c3028078de0456de6528d93ee65ffcd9300e899f,42,5,420005,2026-08-06T08:16:40.624923+00:00
gemma4:12b,A,scenario-01,scenario-01-control-before,candidate-1,perspective-4,canonical,CORRECT,CORRECT,False,True,1,39.56410853913985,39.56410853913985,False,False,False,,62332ac03c2acf2da4c5eb1be6be566da1bfdcef17c2b07905ed0821cca2d3bb,146a834f6e27ca2356db54865db500517cf52e306ba7dd359b50e998bbdcc27e,42,5,420005,2026-08-06T08:17:20.189561+00:00
gemma4:12b,C,scenario-01,scenario-01-control-after,candidate-1,adversarial,benchmark-assumption,MALICIOUS,MALICIOUS,True,True,1,40.31220332090743,40.31220332090743,False,False,False,,62332ac03c2acf2da4c5eb1be6be566da1bfdcef17c2b07905ed0821cca2d3bb,fd8b16294f91a8a7c54d773d119bba033bb92afe246b86ef93fe98811fd7daa5,42,5,420005,2026-08-06T08:18:00.502201+00:00
gemma4:12b,C,scenario-01,scenario-01-control-before,candidate-1,adversarial,benchmark-assumption,MALICIOUS,MALICIOUS,True,True,1,42.048300293972716,42.048300293972716,False,False,False,,62332ac03c2acf2da4c5eb1be6be566da1bfdcef17c2b07905ed0821cca2d3bb,4b8c35c450697772515f4f8c3debe886f327b8414a0ead6649aa1f18765dff62,42,5,420005,2026-08-06T08:18:42.550947+00:00
gemma4:12b,F,scenario-01,scenario-01-target,candidate-1,adversarial,benchmark-assumption,WRONG,WRONG,True,True,1,40.601372707867995,40.601372707867995,False,False,False,,62332ac03c2acf2da4c5eb1be6be566da1bfdcef17c2b07905ed0821cca2d3bb,d16dcc400e2d2103cfd997fbf5139c20179dffa6e6f8798b5032c0f823a33723,42,5,420005,2026-08-06T08:19:23.153058+00:00
gemma4:12b,D,scenario-01,scenario-01-control-before,candidate-1,adversarial,benchmark-assumption,HALLUCINATION,HALLUCINATION,True,True,1,45.08745911391452,45.08745911391452,False,False,False,,62332ac03c2acf2da4c5eb1be6be566da1bfdcef17c2b07905ed0821cca2d3bb,f4524bd9c9c5a587e4ff997ebe2bcd9af5c65bd024d5d3add4489b136685fe55,42,5,420005,2026-08-06T08:20:08.241450+00:00
gemma4:12b,A,scenario-01,scenario-01-control-after,candidate-1,perspective-1,canonical,CORRECT,CORRECT,False,True,1,38.67743583302945,38.67743583302945,False,False,False,,62332ac03c2acf2da4c5eb1be6be566da1bfdcef17c2b07905ed0821cca2d3bb,c55e84e5d06c849ccf83298b6495ca6b550266b9ed453c090ff71b389010d32a,42,5,420005,2026-08-06T08:20:46.919714+00:00
gemma4:12b,A,scenario-01,scenario-01-control-before,candidate-1,perspective-2,canonical,CORRECT,CORRECT,False,True,1,40.08513619680889,40.08513619680889,False,False,False,,62332ac03c2acf2da4c5eb1be6be566da1bfdcef17c2b07905ed0821cca2d3bb,c399381fc6c99b6cccce49835769dd39df0b66f5143585f5464a8a39b7a99eb5,42,5,420005,2026-08-06T08:21:27.005416+00:00
gemma4:12b,A,scenario-01,scenario-01-target,candidate-1,perspective-6,canonical,CORRECT,CORRECT,False,True,1,38.64089003903791,38.64089003903791,False,False,False,,62332ac03c2acf2da4c5eb1be6be566da1bfdcef17c2b07905ed0821cca2d3bb,e1512a53d7c76d00c3f83807bffc218f1703d0d8f9fe6154efe6d03e68e3c525,42,5,420005,2026-08-06T08:22:05.647105+00:00
gemma4:12b,A,scenario-01,scenario-01-control-after,candidate-1,perspective-5,canonical,CORRECT,CORRECT,False,True,1,39.505938571179286,39.505938571179286,False,False,False,,62332ac03c2acf2da4c5eb1be6be566da1bfdcef17c2b07905ed0821cca2d3bb,11780bdabfa7b6ff31dcebbcd95ef7ae713038d8e5e4f808c1149d5c3e98a3bf,42,5,420005,2026-08-06T08:22:45.153851+00:00
gemma4:12b,A,scenario-01,scenario-01-control-after,candidate-1,perspective-4,canonical,CORRECT,CORRECT,False,True,1,38.660455618985,38.660455618985,False,False,False,,62332ac03c2acf2da4c5eb1be6be566da1bfdcef17c2b07905ed0821cca2d3bb,8c9d4cdd487e8e79be25c937bc94db2c8ab94a18b7a2a1f9a9baa3fc83c8e564,42,5,420005,2026-08-06T08:23:23.814767+00:00
gemma4:12b,A,scenario-01,scenario-01-target,candidate-1,perspective-4,canonical,CORRECT,CORRECT,False,True,1,38.38890299992636,38.38890299992636,False,False,False,,62332ac03c2acf2da4c5eb1be6be566da1bfdcef17c2b07905ed0821cca2d3bb,5471001fc2a0de7c271be2b008c1e5be1bde498a5237f451e34ebaa77636fa3d,42,5,420005,2026-08-06T08:24:02.204138+00:00
gemma4:12b,A,scenario-01,scenario-01-control-before,candidate-1,perspective-3,canonical,CORRECT,CORRECT,False,True,1,39.905437777983025,39.905437777983025,False,False,False,,62332ac03c2acf2da4c5eb1be6be566da1bfdcef17c2b07905ed0821cca2d3bb,cf51a330c51f1965afe942996fdeca906e4bba66a1ec2269d322fd7dce822979,42,5,420005,2026-08-06T08:24:42.110282+00:00
gemma4:12b,A,scenario-01,scenario-01-control-before,candidate-1,perspective-1,canonical,CORRECT,CORRECT,False,True,1,39.48171792202629,39.48171792202629,False,False,False,,62332ac03c2acf2da4c5eb1be6be566da1bfdcef17c2b07905ed0821cca2d3bb,348d21ee236d2391f6771b2a2587b61430485dd698b1ebd329ffbc23b5ca0d1c,42,5,420005,2026-08-06T08:25:21.592504+00:00
gemma4:12b,A,scenario-01,scenario-01-control-before,candidate-1,perspective-5,canonical,CORRECT,CORRECT,False,True,1,39.643229734152555,39.643229734152555,False,False,False,,62332ac03c2acf2da4c5eb1be6be566da1bfdcef17c2b07905ed0821cca2d3bb,6baf313514f8b5044b0f554417c034d2037e42278e40a691ddf64c3fe61cfd77,42,5,420005,2026-08-06T08:26:01.236461+00:00
gemma4:12b,D,scenario-01,scenario-01-control-after,candidate-1,adversarial,benchmark-assumption,HALLUCINATION,HALLUCINATION,True,True,1,40.95001685596071,40.95001685596071,False,False,False,,62332ac03c2acf2da4c5eb1be6be566da1bfdcef17c2b07905ed0821cca2d3bb,dc5fea352590903c64b6c94135c0cd4cbf7aca0337b82a4761e0945ca41c0acf,42,5,420005,2026-08-06T08:26:42.187317+00:00
gemma4:12b,A,scenario-01,scenario-01-target,candidate-1,perspective-1,canonical,CORRECT,CORRECT,False,True,1,37.8135999920778,37.8135999920778,False,False,False,,62332ac03c2acf2da4c5eb1be6be566da1bfdcef17c2b07905ed0821cca2d3bb,9890c08865c723b9d1e3272df14b4a12dd78cfcf9dfa83140ac71b16c089eb4c,42,5,420005,2026-08-06T08:27:20.001475+00:00
gemma4:12b,A,scenario-01,scenario-01-control-after,candidate-1,perspective-3,canonical,CORRECT,CORRECT,False,True,1,39.878984606824815,39.878984606824815,False,False,False,,62332ac03c2acf2da4c5eb1be6be566da1bfdcef17c2b07905ed0821cca2d3bb,e93462d6ac783dfa8c107df855671428a75c7e510c3c85a3e81752994bff2ee0,42,5,420005,2026-08-06T08:27:59.880928+00:00
gemma4:12b,A,scenario-01,scenario-01-target,candidate-1,perspective-5,canonical,CORRECT,CORRECT,False,True,1,39.389518964802846,39.389518964802846,False,False,False,,62332ac03c2acf2da4c5eb1be6be566da1bfdcef17c2b07905ed0821cca2d3bb,4e900623d1753a7f2e2f33d678ab3cfe2f775982c4041bed0f5ec027b7913f48,42,5,420005,2026-08-06T08:28:39.270948+00:00
gemma4:12b,E,scenario-01,scenario-01-target,candidate-1,adversarial,benchmark-assumption,WRONG,WRONG,True,True,1,39.522519828984514,39.522519828984514,False,False,False,,62332ac03c2acf2da4c5eb1be6be566da1bfdcef17c2b07905ed0821cca2d3bb,fe321da5c687174e94583fa81f9457706bf6c6eaf597b49d88b7cac8f96f3440,42,5,420005,2026-08-06T08:29:18.793978+00:00
gemma4:12b,E,scenario-01,scenario-01-control-before,candidate-1,adversarial,benchmark-assumption,WRONG,WRONG,True,True,1,40.479862216860056,40.479862216860056,False,False,False,,62332ac03c2acf2da4c5eb1be6be566da1bfdcef17c2b07905ed0821cca2d3bb,8518dba041ab49e0ef519af6f93b3939293fedb23e1b119f4a63b838fd8fd525,42,5,420005,2026-08-06T08:29:59.274316+00:00
gemma4:12b,F,scenario-01,scenario-01-control-after,candidate-1,adversarial,benchmark-assumption,WRONG,WRONG,True,True,1,39.71076240995899,39.71076240995899,False,False,False,,62332ac03c2acf2da4c5eb1be6be566da1bfdcef17c2b07905ed0821cca2d3bb,41f095261a7dcf89124951ee6118eff0f55e8743c669a64d9223d5e0013ed87a,42,5,420005,2026-08-06T08:30:38.985621+00:00
gemma4:12b,B,scenario-01,scenario-01-control-after,candidate-1,adversarial,benchmark-assumption,WRONG,WRONG,True,True,1,39.53268374106847,39.53268374106847,False,False,False,,62332ac03c2acf2da4c5eb1be6be566da1bfdcef17c2b07905ed0821cca2d3bb,9c03998c902970a82de4a7aaed712b2d8aa771ac0b4aa40812c62a05c43def47,42,5,420005,2026-08-06T08:31:18.518753+00:00
gemma4:12b,A,scenario-01,scenario-01-control-after,candidate-1,perspective-2,canonical,CORRECT,CORRECT,False,True,1,39.94804989709519,39.94804989709519,False,False,False,,62332ac03c2acf2da4c5eb1be6be566da1bfdcef17c2b07905ed0821cca2d3bb,428333e634a42b69ca7237bf40c58c90cd7d31bf0c21d6b304815313b5ea0550,42,5,420005,2026-08-06T08:31:58.467325+00:00
gemma4:12b,E,scenario-01,scenario-01-control-after,candidate-1,adversarial,benchmark-assumption,WRONG,WRONG,True,True,1,41.06420718692243,41.06420718692243,False,False,False,,62332ac03c2acf2da4c5eb1be6be566da1bfdcef17c2b07905ed0821cca2d3bb,ee8a6bf002bdd041f2d7c5a7061178e438a211167dec76e867efdcdb408e60d8,42,5,420005,2026-08-06T08:32:39.532034+00:00
gemma4:12b,A,scenario-01,scenario-01-target,candidate-1,perspective-3,canonical,CORRECT,CORRECT,False,True,1,39.89989159000106,39.89989159000106,False,False,False,,62332ac03c2acf2da4c5eb1be6be566da1bfdcef17c2b07905ed0821cca2d3bb,6388e876a5f0b88b288cfc7ee15eca37ff8ec4780f6e003b57aa404d6285edb7,42,5,420005,2026-08-06T08:33:19.432737+00:00
ministral-3:14b,A,scenario-01,scenario-01-control-after,candidate-1,perspective-4,canonical,CORRECT,CORRECT,False,True,1,13.470355467870831,13.470355467870831,False,False,False,,c642498c06dd74d7c477d5aa1c2df29a409290d92ea8d37b5d968cb630a32ec5,8c9d4cdd487e8e79be25c937bc94db2c8ab94a18b7a2a1f9a9baa3fc83c8e564,42,1,420001,2026-08-06T08:36:17.198527+00:00
ministral-3:14b,D,scenario-01,scenario-01-target,candidate-1,adversarial,benchmark-assumption,HALLUCINATION,HALLUCINATION,True,True,1,16.58267624815926,16.58267624815926,False,False,False,,c642498c06dd74d7c477d5aa1c2df29a409290d92ea8d37b5d968cb630a32ec5,9d51ebc403f900ec3317add81945c9a7faf00e9bab061667433be108f05f3880,42,1,420001,2026-08-06T08:36:33.781819+00:00
ministral-3:14b,B,scenario-01,scenario-01-target,candidate-1,adversarial,benchmark-assumption,WRONG,WRONG,True,True,1,9.671690602786839,9.671690602786839,False,False,False,,c642498c06dd74d7c477d5aa1c2df29a409290d92ea8d37b5d968cb630a32ec5,f49867e34b489c5b37d031047a71c2d88905970fe6593ab5a6dd53564d177bad,42,1,420001,2026-08-06T08:36:43.453932+00:00
ministral-3:14b,D,scenario-01,scenario-01-control-before,candidate-1,adversarial,benchmark-assumption,HALLUCINATION,HALLUCINATION,True,True,1,18.42602511588484,18.42602511588484,False,False,False,,c642498c06dd74d7c477d5aa1c2df29a409290d92ea8d37b5d968cb630a32ec5,f4524bd9c9c5a587e4ff997ebe2bcd9af5c65bd024d5d3add4489b136685fe55,42,1,420001,2026-08-06T08:37:01.880425+00:00
ministral-3:14b,A,scenario-01,scenario-01-target,candidate-1,perspective-5,canonical,CORRECT,WRONG,False,False,1,13.006924225017428,13.006924225017428,False,False,False,,c642498c06dd74d7c477d5aa1c2df29a409290d92ea8d37b5d968cb630a32ec5,4e900623d1753a7f2e2f33d678ab3cfe2f775982c4041bed0f5ec027b7913f48,42,1,420001,2026-08-06T08:37:14.887779+00:00
ministral-3:14b,A,scenario-01,scenario-01-control-before,candidate-1,perspective-6,canonical,CORRECT,CORRECT,False,True,1,14.818065545987338,14.818065545987338,False,False,False,,c642498c06dd74d7c477d5aa1c2df29a409290d92ea8d37b5d968cb630a32ec5,b65b58a46c8c7c2be2d8ad5ba44292f0a2cf23ad1b49a8637be855d86aded186,42,1,420001,2026-08-06T08:37:29.706302+00:00
ministral-3:14b,A,scenario-01,scenario-01-control-before,candidate-1,perspective-3,canonical,CORRECT,CORRECT,False,True,1,10.015302730957046,10.015302730957046,False,False,False,,c642498c06dd74d7c477d5aa1c2df29a409290d92ea8d37b5d968cb630a32ec5,cf51a330c51f1965afe942996fdeca906e4bba66a1ec2269d322fd7dce822979,42,1,420001,2026-08-06T08:37:39.722052+00:00
ministral-3:14b,A,scenario-01,scenario-01-control-before,candidate-1,perspective-5,canonical,CORRECT,CORRECT,False,True,1,10.380536295007914,10.380536295007914,False,False,False,,c642498c06dd74d7c477d5aa1c2df29a409290d92ea8d37b5d968cb630a32ec5,6baf313514f8b5044b0f554417c034d2037e42278e40a691ddf64c3fe61cfd77,42,1,420001,2026-08-06T08:37:50.103055+00:00
ministral-3:14b,A,scenario-01,scenario-01-target,candidate-1,perspective-4,canonical,CORRECT,CORRECT,False,True,1,13.72547783399932,13.72547783399932,False,False,False,,c642498c06dd74d7c477d5aa1c2df29a409290d92ea8d37b5d968cb630a32ec5,5471001fc2a0de7c271be2b008c1e5be1bde498a5237f451e34ebaa77636fa3d,42,1,420001,2026-08-06T08:38:03.829032+00:00
ministral-3:14b,F,scenario-01,scenario-01-target,candidate-1,adversarial,benchmark-assumption,WRONG,CORRECT,True,False,1,11.570437451126054,11.570437451126054,False,False,False,,c642498c06dd74d7c477d5aa1c2df29a409290d92ea8d37b5d968cb630a32ec5,d16dcc400e2d2103cfd997fbf5139c20179dffa6e6f8798b5032c0f823a33723,42,1,420001,2026-08-06T08:38:15.399983+00:00
ministral-3:14b,E,scenario-01,scenario-01-control-before,candidate-1,adversarial,benchmark-assumption,WRONG,WRONG,True,True,1,15.723145462106913,15.723145462106913,False,False,False,,c642498c06dd74d7c477d5aa1c2df29a409290d92ea8d37b5d968cb630a32ec5,8518dba041ab49e0ef519af6f93b3939293fedb23e1b119f4a63b838fd8fd525,42,1,420001,2026-08-06T08:38:31.123777+00:00
ministral-3:14b,A,scenario-01,scenario-01-target,candidate-1,perspective-2,canonical,CORRECT,CORRECT,False,True,1,13.377504528034478,13.377504528034478,False,False,False,,c642498c06dd74d7c477d5aa1c2df29a409290d92ea8d37b5d968cb630a32ec5,37b57d5545dd3ffb164960aec93ebda339a760155afb4cdbffb6c2b79596c63e,42,1,420001,2026-08-06T08:38:44.501964+00:00
ministral-3:14b,A,scenario-01,scenario-01-control-before,candidate-1,perspective-1,canonical,CORRECT,CORRECT,False,True,1,14.336610329104587,14.336610329104587,False,False,False,,c642498c06dd74d7c477d5aa1c2df29a409290d92ea8d37b5d968cb630a32ec5,348d21ee236d2391f6771b2a2587b61430485dd698b1ebd329ffbc23b5ca0d1c,42,1,420001,2026-08-06T08:38:58.839120+00:00
ministral-3:14b,A,scenario-01,scenario-01-target,candidate-1,perspective-6,canonical,CORRECT,CORRECT,False,True,1,13.586806232109666,13.586806232109666,False,False,False,,c642498c06dd74d7c477d5aa1c2df29a409290d92ea8d37b5d968cb630a32ec5,e1512a53d7c76d00c3f83807bffc218f1703d0d8f9fe6154efe6d03e68e3c525,42,1,420001,2026-08-06T08:39:12.426499+00:00
ministral-3:14b,C,scenario-01,scenario-01-control-before,candidate-1,adversarial,benchmark-assumption,MALICIOUS,MALICIOUS,True,True,1,16.681978525826707,16.681978525826707,False,False,False,,c642498c06dd74d7c477d5aa1c2df29a409290d92ea8d37b5d968cb630a32ec5,4b8c35c450697772515f4f8c3debe886f327b8414a0ead6649aa1f18765dff62,42,1,420001,2026-08-06T08:39:29.109005+00:00
ministral-3:14b,C,scenario-01,scenario-01-target,candidate-1,adversarial,benchmark-assumption,MALICIOUS,MALICIOUS,True,True,1,13.353042960865423,13.353042960865423,False,False,False,,c642498c06dd74d7c477d5aa1c2df29a409290d92ea8d37b5d968cb630a32ec5,04b9be5b9c3b323147fc9738cc365accf1690c1557850c54167db09004afb202,42,1,420001,2026-08-06T08:39:42.462521+00:00
ministral-3:14b,A,scenario-01,scenario-01-control-after,candidate-1,perspective-3,canonical,CORRECT,CORRECT,False,True,1,14.85273906798102,14.85273906798102,False,False,False,,c642498c06dd74d7c477d5aa1c2df29a409290d92ea8d37b5d968cb630a32ec5,e93462d6ac783dfa8c107df855671428a75c7e510c3c85a3e81752994bff2ee0,42,1,420001,2026-08-06T08:39:57.315724+00:00
ministral-3:14b,E,scenario-01,scenario-01-control-after,candidate-1,adversarial,benchmark-assumption,WRONG,WRONG,True,True,1,11.655434749089181,11.655434749089181,False,False,False,,c642498c06dd74d7c477d5aa1c2df29a409290d92ea8d37b5d968cb630a32ec5,ee8a6bf002bdd041f2d7c5a7061178e438a211167dec76e867efdcdb408e60d8,42,1,420001,2026-08-06T08:40:08.971552+00:00
ministral-3:14b,A,scenario-01,scenario-01-control-before,candidate-1,perspective-4,canonical,CORRECT,CORRECT,False,True,1,14.14079052512534,14.14079052512534,False,False,False,,c642498c06dd74d7c477d5aa1c2df29a409290d92ea8d37b5d968cb630a32ec5,146a834f6e27ca2356db54865db500517cf52e306ba7dd359b50e998bbdcc27e,42,1,420001,2026-08-06T08:40:23.112812+00:00
ministral-3:14b,A,scenario-01,scenario-01-target,candidate-1,perspective-3,canonical,CORRECT,CORRECT,False,True,1,13.73695112997666,13.73695112997666,False,False,False,,c642498c06dd74d7c477d5aa1c2df29a409290d92ea8d37b5d968cb630a32ec5,6388e876a5f0b88b288cfc7ee15eca37ff8ec4780f6e003b57aa404d6285edb7,42,1,420001,2026-08-06T08:40:36.850257+00:00
ministral-3:14b,A,scenario-01,scenario-01-control-after,candidate-1,perspective-2,canonical,CORRECT,CORRECT,False,True,1,14.557909798109904,14.557909798109904,False,False,False,,c642498c06dd74d7c477d5aa1c2df29a409290d92ea8d37b5d968cb630a32ec5,428333e634a42b69ca7237bf40c58c90cd7d31bf0c21d6b304815313b5ea0550,42,1,420001,2026-08-06T08:40:51.408574+00:00
ministral-3:14b,A,scenario-01,scenario-01-control-before,candidate-1,perspective-2,canonical,CORRECT,CORRECT,False,True,1,13.495118865044788,13.495118865044788,False,False,False,,c642498c06dd74d7c477d5aa1c2df29a409290d92ea8d37b5d968cb630a32ec5,c399381fc6c99b6cccce49835769dd39df0b66f5143585f5464a8a39b7a99eb5,42,1,420001,2026-08-06T08:41:04.904149+00:00
ministral-3:14b,C,scenario-01,scenario-01-control-after,candidate-1,adversarial,benchmark-assumption,MALICIOUS,MALICIOUS,True,True,1,13.869775105034932,13.869775105034932,False,False,False,,c642498c06dd74d7c477d5aa1c2df29a409290d92ea8d37b5d968cb630a32ec5,fd8b16294f91a8a7c54d773d119bba033bb92afe246b86ef93fe98811fd7daa5,42,1,420001,2026-08-06T08:41:18.774475+00:00
ministral-3:14b,B,scenario-01,scenario-01-control-after,candidate-1,adversarial,benchmark-assumption,WRONG,WRONG,True,True,1,9.3008208849933,9.3008208849933,False,False,False,,c642498c06dd74d7c477d5aa1c2df29a409290d92ea8d37b5d968cb630a32ec5,9c03998c902970a82de4a7aaed712b2d8aa771ac0b4aa40812c62a05c43def47,42,1,420001,2026-08-06T08:41:28.075808+00:00
ministral-3:14b,A,scenario-01,scenario-01-control-after,candidate-1,perspective-6,canonical,CORRECT,CORRECT,False,True,1,11.100111603969708,11.100111603969708,False,False,False,,c642498c06dd74d7c477d5aa1c2df29a409290d92ea8d37b5d968cb630a32ec5,175c5f301ecf2a03dfe2a9fe5f871847f0fe25a2ff303a111829c46ccfb16cab,42,1,420001,2026-08-06T08:41:39.176364+00:00
ministral-3:14b,F,scenario-01,scenario-01-control-before,candidate-1,adversarial,benchmark-assumption,WRONG,CORRECT,True,False,1,14.998543926980346,14.998543926980346,False,False,False,,c642498c06dd74d7c477d5aa1c2df29a409290d92ea8d37b5d968cb630a32ec5,0b318c890d2efefa730ea573ae7f4bdbe5f380199f4cab89ed9f632ef19b7719,42,1,420001,2026-08-06T08:41:54.175377+00:00
ministral-3:14b,A,scenario-01,scenario-01-control-after,candidate-1,perspective-1,canonical,CORRECT,CORRECT,False,True,1,13.390030152862892,13.390030152862892,False,False,False,,c642498c06dd74d7c477d5aa1c2df29a409290d92ea8d37b5d968cb630a32ec5,c55e84e5d06c849ccf83298b6495ca6b550266b9ed453c090ff71b389010d32a,42,1,420001,2026-08-06T08:42:07.565860+00:00
ministral-3:14b,B,scenario-01,scenario-01-control-before,candidate-1,adversarial,benchmark-assumption,WRONG,WRONG,True,True,1,13.984804416075349,13.984804416075349,False,False,False,,c642498c06dd74d7c477d5aa1c2df29a409290d92ea8d37b5d968cb630a32ec5,c9f467b9cb09db03e35b42f4c3028078de0456de6528d93ee65ffcd9300e899f,42,1,420001,2026-08-06T08:42:21.551304+00:00
ministral-3:14b,E,scenario-01,scenario-01-target,candidate-1,adversarial,benchmark-assumption,WRONG,WRONG,True,True,1,13.881084227003157,13.881084227003157,False,False,False,,c642498c06dd74d7c477d5aa1c2df29a409290d92ea8d37b5d968cb630a32ec5,fe321da5c687174e94583fa81f9457706bf6c6eaf597b49d88b7cac8f96f3440,42,1,420001,2026-08-06T08:42:35.433099+00:00
ministral-3:14b,A,scenario-01,scenario-01-target,candidate-1,perspective-1,canonical,CORRECT,CORRECT,False,True,1,10.159241027897224,10.159241027897224,False,False,False,,c642498c06dd74d7c477d5aa1c2df29a409290d92ea8d37b5d968cb630a32ec5,9890c08865c723b9d1e3272df14b4a12dd78cfcf9dfa83140ac71b16c089eb4c,42,1,420001,2026-08-06T08:42:45.592841+00:00
ministral-3:14b,D,scenario-01,scenario-01-control-after,candidate-1,adversarial,benchmark-assumption,HALLUCINATION,HALLUCINATION,True,True,1,16.86794351809658,16.86794351809658,False,False,False,,c642498c06dd74d7c477d5aa1c2df29a409290d92ea8d37b5d968cb630a32ec5,dc5fea352590903c64b6c94135c0cd4cbf7aca0337b82a4761e0945ca41c0acf,42,1,420001,2026-08-06T08:43:02.461335+00:00
ministral-3:14b,A,scenario-01,scenario-01-control-after,candidate-1,perspective-5,canonical,CORRECT,CORRECT,False,True,1,10.541134256869555,10.541134256869555,False,False,False,,c642498c06dd74d7c477d5aa1c2df29a409290d92ea8d37b5d968cb630a32ec5,11780bdabfa7b6ff31dcebbcd95ef7ae713038d8e5e4f808c1149d5c3e98a3bf,42,1,420001,2026-08-06T08:43:13.003013+00:00
ministral-3:14b,F,scenario-01,scenario-01-control-after,candidate-1,adversarial,benchmark-assumption,WRONG,HALLUCINATION,True,False,1,15.544432525057346,15.544432525057346,False,False,False,,c642498c06dd74d7c477d5aa1c2df29a409290d92ea8d37b5d968cb630a32ec5,41f095261a7dcf89124951ee6118eff0f55e8743c669a64d9223d5e0013ed87a,42,1,420001,2026-08-06T08:43:28.547991+00:00
ministral-3:14b,E,scenario-01,scenario-01-target,candidate-1,adversarial,benchmark-assumption,WRONG,WRONG,True,True,1,13.850672275060788,13.850672275060788,False,False,False,,c642498c06dd74d7c477d5aa1c2df29a409290d92ea8d37b5d968cb630a32ec5,fe321da5c687174e94583fa81f9457706bf6c6eaf597b49d88b7cac8f96f3440,42,2,420002,2026-08-06T08:43:42.399440+00:00
ministral-3:14b,A,scenario-01,scenario-01-target,candidate-1,perspective-3,canonical,CORRECT,CORRECT,False,True,1,10.860452219843864,10.860452219843864,False,False,False,,c642498c06dd74d7c477d5aa1c2df29a409290d92ea8d37b5d968cb630a32ec5,6388e876a5f0b88b288cfc7ee15eca37ff8ec4780f6e003b57aa404d6285edb7,42,2,420002,2026-08-06T08:43:53.260409+00:00
ministral-3:14b,A,scenario-01,scenario-01-control-after,candidate-1,perspective-6,canonical,CORRECT,CORRECT,False,True,1,15.246770123951137,15.246770123951137,False,False,False,,c642498c06dd74d7c477d5aa1c2df29a409290d92ea8d37b5d968cb630a32ec5,175c5f301ecf2a03dfe2a9fe5f871847f0fe25a2ff303a111829c46ccfb16cab,42,2,420002,2026-08-06T08:44:08.507663+00:00
ministral-3:14b,A,scenario-01,scenario-01-target,candidate-1,perspective-1,canonical,CORRECT,CORRECT,False,True,1,13.052551195025444,13.052551195025444,False,False,False,,c642498c06dd74d7c477d5aa1c2df29a409290d92ea8d37b5d968cb630a32ec5,9890c08865c723b9d1e3272df14b4a12dd78cfcf9dfa83140ac71b16c089eb4c,42,2,420002,2026-08-06T08:44:21.560622+00:00
ministral-3:14b,A,scenario-01,scenario-01-control-before,candidate-1,perspective-1,canonical,CORRECT,CORRECT,False,True,1,14.314913301961496,14.314913301961496,False,False,False,,c642498c06dd74d7c477d5aa1c2df29a409290d92ea8d37b5d968cb630a32ec5,348d21ee236d2391f6771b2a2587b61430485dd698b1ebd329ffbc23b5ca0d1c,42,2,420002,2026-08-06T08:44:35.875950+00:00
ministral-3:14b,A,scenario-01,scenario-01-control-after,candidate-1,perspective-4,canonical,CORRECT,CORRECT,False,True,1,13.199735379079357,13.199735379079357,False,False,False,,c642498c06dd74d7c477d5aa1c2df29a409290d92ea8d37b5d968cb630a32ec5,8c9d4cdd487e8e79be25c937bc94db2c8ab94a18b7a2a1f9a9baa3fc83c8e564,42,2,420002,2026-08-06T08:44:49.076121+00:00
ministral-3:14b,C,scenario-01,scenario-01-control-after,candidate-1,adversarial,benchmark-assumption,MALICIOUS,MALICIOUS,True,True,1,10.396919270977378,10.396919270977378,False,False,False,,c642498c06dd74d7c477d5aa1c2df29a409290d92ea8d37b5d968cb630a32ec5,fd8b16294f91a8a7c54d773d119bba033bb92afe246b86ef93fe98811fd7daa5,42,2,420002,2026-08-06T08:44:59.473521+00:00
ministral-3:14b,E,scenario-01,scenario-01-control-before,candidate-1,adversarial,benchmark-assumption,WRONG,WRONG,True,True,1,14.23415508796461,14.23415508796461,False,False,False,,c642498c06dd74d7c477d5aa1c2df29a409290d92ea8d37b5d968cb630a32ec5,8518dba041ab49e0ef519af6f93b3939293fedb23e1b119f4a63b838fd8fd525,42,2,420002,2026-08-06T08:45:13.708070+00:00
ministral-3:14b,B,scenario-01,scenario-01-control-after,candidate-1,adversarial,benchmark-assumption,WRONG,WRONG,True,True,1,13.735397691139951,13.735397691139951,False,False,False,,c642498c06dd74d7c477d5aa1c2df29a409290d92ea8d37b5d968cb630a32ec5,9c03998c902970a82de4a7aaed712b2d8aa771ac0b4aa40812c62a05c43def47,42,2,420002,2026-08-06T08:45:27.443922+00:00
ministral-3:14b,E,scenario-01,scenario-01-control-after,candidate-1,adversarial,benchmark-assumption,WRONG,WRONG,True,True,1,13.127390368143097,13.127390368143097,False,False,False,,c642498c06dd74d7c477d5aa1c2df29a409290d92ea8d37b5d968cb630a32ec5,ee8a6bf002bdd041f2d7c5a7061178e438a211167dec76e867efdcdb408e60d8,42,2,420002,2026-08-06T08:45:40.571734+00:00
ministral-3:14b,C,scenario-01,scenario-01-target,candidate-1,adversarial,benchmark-assumption,MALICIOUS,MALICIOUS,True,True,1,13.58627505786717,13.58627505786717,False,False,False,,c642498c06dd74d7c477d5aa1c2df29a409290d92ea8d37b5d968cb630a32ec5,04b9be5b9c3b323147fc9738cc365accf1690c1557850c54167db09004afb202,42,2,420002,2026-08-06T08:45:54.158524+00:00
ministral-3:14b,A,scenario-01,scenario-01-target,candidate-1,perspective-5,canonical,CORRECT,WRONG,False,False,1,10.991496809991077,10.991496809991077,False,False,False,,c642498c06dd74d7c477d5aa1c2df29a409290d92ea8d37b5d968cb630a32ec5,4e900623d1753a7f2e2f33d678ab3cfe2f775982c4041bed0f5ec027b7913f48,42,2,420002,2026-08-06T08:46:05.150580+00:00
ministral-3:14b,A,scenario-01,scenario-01-target,candidate-1,perspective-2,canonical,CORRECT,CORRECT,False,True,1,10.389317324152216,10.389317324152216,False,False,False,,c642498c06dd74d7c477d5aa1c2df29a409290d92ea8d37b5d968cb630a32ec5,37b57d5545dd3ffb164960aec93ebda339a760155afb4cdbffb6c2b79596c63e,42,2,420002,2026-08-06T08:46:15.540681+00:00
ministral-3:14b,B,scenario-01,scenario-01-target,candidate-1,adversarial,benchmark-assumption,WRONG,WRONG,True,True,1,9.917312039993703,9.917312039993703,False,False,False,,c642498c06dd74d7c477d5aa1c2df29a409290d92ea8d37b5d968cb630a32ec5,f49867e34b489c5b37d031047a71c2d88905970fe6593ab5a6dd53564d177bad,42,2,420002,2026-08-06T08:46:25.458855+00:00
ministral-3:14b,A,scenario-01,scenario-01-control-before,candidate-1,perspective-2,canonical,CORRECT,CORRECT,False,True,1,14.503614366985857,14.503614366985857,False,False,False,,c642498c06dd74d7c477d5aa1c2df29a409290d92ea8d37b5d968cb630a32ec5,c399381fc6c99b6cccce49835769dd39df0b66f5143585f5464a8a39b7a99eb5,42,2,420002,2026-08-06T08:46:39.962969+00:00
ministral-3:14b,A,scenario-01,scenario-01-control-after,candidate-1,perspective-1,canonical,CORRECT,CORRECT,False,True,1,13.345671825809404,13.345671825809404,False,False,False,,c642498c06dd74d7c477d5aa1c2df29a409290d92ea8d37b5d968cb630a32ec5,c55e84e5d06c849ccf83298b6495ca6b550266b9ed453c090ff71b389010d32a,42,2,420002,2026-08-06T08:46:53.309073+00:00
ministral-3:14b,A,scenario-01,scenario-01-control-before,candidate-1,perspective-3,canonical,CORRECT,CORRECT,False,True,1,13.270047187805176,13.270047187805176,False,False,False,,c642498c06dd74d7c477d5aa1c2df29a409290d92ea8d37b5d968cb630a32ec5,cf51a330c51f1965afe942996fdeca906e4bba66a1ec2269d322fd7dce822979,42,2,420002,2026-08-06T08:47:06.579546+00:00
ministral-3:14b,A,scenario-01,scenario-01-control-before,candidate-1,perspective-5,canonical,CORRECT,CORRECT,False,True,1,10.373120076023042,10.373120076023042,False,False,False,,c642498c06dd74d7c477d5aa1c2df29a409290d92ea8d37b5d968cb630a32ec5,6baf313514f8b5044b0f554417c034d2037e42278e40a691ddf64c3fe61cfd77,42,2,420002,2026-08-06T08:47:16.953098+00:00
ministral-3:14b,D,scenario-01,scenario-01-control-after,candidate-1,adversarial,benchmark-assumption,HALLUCINATION,HALLUCINATION,True,True,1,15.851958132116124,15.851958132116124,False,False,False,,c642498c06dd74d7c477d5aa1c2df29a409290d92ea8d37b5d968cb630a32ec5,dc5fea352590903c64b6c94135c0cd4cbf7aca0337b82a4761e0945ca41c0acf,42,2,420002,2026-08-06T08:47:32.805530+00:00
ministral-3:14b,A,scenario-01,scenario-01-target,candidate-1,perspective-4,canonical,CORRECT,CORRECT,False,True,1,13.424762926995754,13.424762926995754,False,False,False,,c642498c06dd74d7c477d5aa1c2df29a409290d92ea8d37b5d968cb630a32ec5,5471001fc2a0de7c271be2b008c1e5be1bde498a5237f451e34ebaa77636fa3d,42,2,420002,2026-08-06T08:47:46.230931+00:00
ministral-3:14b,A,scenario-01,scenario-01-control-after,candidate-1,perspective-3,canonical,CORRECT,CORRECT,False,True,1,14.886353691108525,14.886353691108525,False,False,False,,c642498c06dd74d7c477d5aa1c2df29a409290d92ea8d37b5d968cb630a32ec5,e93462d6ac783dfa8c107df855671428a75c7e510c3c85a3e81752994bff2ee0,42,2,420002,2026-08-06T08:48:01.117777+00:00
ministral-3:14b,F,scenario-01,scenario-01-control-before,candidate-1,adversarial,benchmark-assumption,WRONG,CORRECT,True,False,1,15.370193291921169,15.370193291921169,False,False,False,,c642498c06dd74d7c477d5aa1c2df29a409290d92ea8d37b5d968cb630a32ec5,0b318c890d2efefa730ea573ae7f4bdbe5f380199f4cab89ed9f632ef19b7719,42,2,420002,2026-08-06T08:48:16.488600+00:00
ministral-3:14b,A,scenario-01,scenario-01-control-after,candidate-1,perspective-2,canonical,CORRECT,CORRECT,False,True,1,13.239081542007625,13.239081542007625,False,False,False,,c642498c06dd74d7c477d5aa1c2df29a409290d92ea8d37b5d968cb630a32ec5,428333e634a42b69ca7237bf40c58c90cd7d31bf0c21d6b304815313b5ea0550,42,2,420002,2026-08-06T08:48:29.728191+00:00
ministral-3:14b,C,scenario-01,scenario-01-control-before,candidate-1,adversarial,benchmark-assumption,MALICIOUS,MALICIOUS,True,True,1,15.261678497074172,15.261678497074172,False,False,False,,c642498c06dd74d7c477d5aa1c2df29a409290d92ea8d37b5d968cb630a32ec5,4b8c35c450697772515f4f8c3debe886f327b8414a0ead6649aa1f18765dff62,42,2,420002,2026-08-06T08:48:44.990569+00:00
ministral-3:14b,A,scenario-01,scenario-01-control-before,candidate-1,perspective-4,canonical,CORRECT,CORRECT,False,True,1,11.060962124029174,11.060962124029174,False,False,False,,c642498c06dd74d7c477d5aa1c2df29a409290d92ea8d37b5d968cb630a32ec5,146a834f6e27ca2356db54865db500517cf52e306ba7dd359b50e998bbdcc27e,42,2,420002,2026-08-06T08:48:56.052412+00:00
ministral-3:14b,A,scenario-01,scenario-01-target,candidate-1,perspective-6,canonical,CORRECT,CORRECT,False,True,1,13.224060766864568,13.224060766864568,False,False,False,,c642498c06dd74d7c477d5aa1c2df29a409290d92ea8d37b5d968cb630a32ec5,e1512a53d7c76d00c3f83807bffc218f1703d0d8f9fe6154efe6d03e68e3c525,42,2,420002,2026-08-06T08:49:09.277075+00:00
ministral-3:14b,B,scenario-01,scenario-01-control-before,candidate-1,adversarial,benchmark-assumption,WRONG,WRONG,True,True,1,15.079960045870394,15.079960045870394,False,False,False,,c642498c06dd74d7c477d5aa1c2df29a409290d92ea8d37b5d968cb630a32ec5,c9f467b9cb09db03e35b42f4c3028078de0456de6528d93ee65ffcd9300e899f,42,2,420002,2026-08-06T08:49:24.357515+00:00
ministral-3:14b,D,scenario-01,scenario-01-target,candidate-1,adversarial,benchmark-assumption,HALLUCINATION,HALLUCINATION,True,True,1,16.557329217903316,16.557329217903316,False,False,False,,c642498c06dd74d7c477d5aa1c2df29a409290d92ea8d37b5d968cb630a32ec5,9d51ebc403f900ec3317add81945c9a7faf00e9bab061667433be108f05f3880,42,2,420002,2026-08-06T08:49:40.915365+00:00
ministral-3:14b,A,scenario-01,scenario-01-control-before,candidate-1,perspective-6,canonical,CORRECT,CORRECT,False,True,1,14.807171660009772,14.807171660009772,False,False,False,,c642498c06dd74d7c477d5aa1c2df29a409290d92ea8d37b5d968cb630a32ec5,b65b58a46c8c7c2be2d8ad5ba44292f0a2cf23ad1b49a8637be855d86aded186,42,2,420002,2026-08-06T08:49:55.722998+00:00
ministral-3:14b,F,scenario-01,scenario-01-target,candidate-1,adversarial,benchmark-assumption,WRONG,CORRECT,True,False,1,14.588653478072956,14.588653478072956,False,False,False,,c642498c06dd74d7c477d5aa1c2df29a409290d92ea8d37b5d968cb630a32ec5,d16dcc400e2d2103cfd997fbf5139c20179dffa6e6f8798b5032c0f823a33723,42,2,420002,2026-08-06T08:50:10.312151+00:00
ministral-3:14b,A,scenario-01,scenario-01-control-after,candidate-1,perspective-5,canonical,CORRECT,CORRECT,False,True,1,14.836393056903034,14.836393056903034,False,False,False,,c642498c06dd74d7c477d5aa1c2df29a409290d92ea8d37b5d968cb630a32ec5,11780bdabfa7b6ff31dcebbcd95ef7ae713038d8e5e4f808c1149d5c3e98a3bf,42,2,420002,2026-08-06T08:50:25.149010+00:00
ministral-3:14b,F,scenario-01,scenario-01-control-after,candidate-1,adversarial,benchmark-assumption,WRONG,HALLUCINATION,True,False,1,15.468070650938898,15.468070650938898,False,False,False,,c642498c06dd74d7c477d5aa1c2df29a409290d92ea8d37b5d968cb630a32ec5,41f095261a7dcf89124951ee6118eff0f55e8743c669a64d9223d5e0013ed87a,42,2,420002,2026-08-06T08:50:40.617614+00:00
ministral-3:14b,D,scenario-01,scenario-01-control-before,candidate-1,adversarial,benchmark-assumption,HALLUCINATION,HALLUCINATION,True,True,1,17.473757952218875,17.473757952218875,False,False,False,,c642498c06dd74d7c477d5aa1c2df29a409290d92ea8d37b5d968cb630a32ec5,f4524bd9c9c5a587e4ff997ebe2bcd9af5c65bd024d5d3add4489b136685fe55,42,2,420002,2026-08-06T08:50:58.091835+00:00
ministral-3:14b,D,scenario-01,scenario-01-target,candidate-1,adversarial,benchmark-assumption,HALLUCINATION,HALLUCINATION,True,True,1,16.80842196615413,16.80842196615413,False,False,False,,c642498c06dd74d7c477d5aa1c2df29a409290d92ea8d37b5d968cb630a32ec5,9d51ebc403f900ec3317add81945c9a7faf00e9bab061667433be108f05f3880,42,3,420003,2026-08-06T08:51:14.901034+00:00
ministral-3:14b,A,scenario-01,scenario-01-control-after,candidate-1,perspective-5,canonical,CORRECT,CORRECT,False,True,1,14.879682283848524,14.879682283848524,False,False,False,,c642498c06dd74d7c477d5aa1c2df29a409290d92ea8d37b5d968cb630a32ec5,11780bdabfa7b6ff31dcebbcd95ef7ae713038d8e5e4f808c1149d5c3e98a3bf,42,3,420003,2026-08-06T08:51:29.781142+00:00
ministral-3:14b,E,scenario-01,scenario-01-control-before,candidate-1,adversarial,benchmark-assumption,WRONG,WRONG,True,True,1,14.258381703868508,14.258381703868508,False,False,False,,c642498c06dd74d7c477d5aa1c2df29a409290d92ea8d37b5d968cb630a32ec5,8518dba041ab49e0ef519af6f93b3939293fedb23e1b119f4a63b838fd8fd525,42,3,420003,2026-08-06T08:51:44.039986+00:00
ministral-3:14b,C,scenario-01,scenario-01-control-after,candidate-1,adversarial,benchmark-assumption,MALICIOUS,MALICIOUS,True,True,1,13.38662531110458,13.38662531110458,False,False,False,,c642498c06dd74d7c477d5aa1c2df29a409290d92ea8d37b5d968cb630a32ec5,fd8b16294f91a8a7c54d773d119bba033bb92afe246b86ef93fe98811fd7daa5,42,3,420003,2026-08-06T08:51:57.427056+00:00
ministral-3:14b,A,scenario-01,scenario-01-control-after,candidate-1,perspective-3,canonical,CORRECT,CORRECT,False,True,1,10.227336226031184,10.227336226031184,False,False,False,,c642498c06dd74d7c477d5aa1c2df29a409290d92ea8d37b5d968cb630a32ec5,e93462d6ac783dfa8c107df855671428a75c7e510c3c85a3e81752994bff2ee0,42,3,420003,2026-08-06T08:52:07.654918+00:00
ministral-3:14b,C,scenario-01,scenario-01-control-before,candidate-1,adversarial,benchmark-assumption,MALICIOUS,MALICIOUS,True,True,1,15.275011897087097,15.275011897087097,False,False,False,,c642498c06dd74d7c477d5aa1c2df29a409290d92ea8d37b5d968cb630a32ec5,4b8c35c450697772515f4f8c3debe886f327b8414a0ead6649aa1f18765dff62,42,3,420003,2026-08-06T08:52:22.930403+00:00
ministral-3:14b,A,scenario-01,scenario-01-control-before,candidate-1,perspective-3,canonical,CORRECT,CORRECT,False,True,1,9.904933871002868,9.904933871002868,False,False,False,,c642498c06dd74d7c477d5aa1c2df29a409290d92ea8d37b5d968cb630a32ec5,cf51a330c51f1965afe942996fdeca906e4bba66a1ec2269d322fd7dce822979,42,3,420003,2026-08-06T08:52:32.835779+00:00
ministral-3:14b,A,scenario-01,scenario-01-target,candidate-1,perspective-3,canonical,CORRECT,CORRECT,False,True,1,13.424226374132559,13.424226374132559,False,False,False,,c642498c06dd74d7c477d5aa1c2df29a409290d92ea8d37b5d968cb630a32ec5,6388e876a5f0b88b288cfc7ee15eca37ff8ec4780f6e003b57aa404d6285edb7,42,3,420003,2026-08-06T08:52:46.260448+00:00
ministral-3:14b,F,scenario-01,scenario-01-control-before,candidate-1,adversarial,benchmark-assumption,WRONG,CORRECT,True,False,1,16.478332504164428,16.478332504164428,False,False,False,,c642498c06dd74d7c477d5aa1c2df29a409290d92ea8d37b5d968cb630a32ec5,0b318c890d2efefa730ea573ae7f4bdbe5f380199f4cab89ed9f632ef19b7719,42,3,420003,2026-08-06T08:53:02.739232+00:00
ministral-3:14b,A,scenario-01,scenario-01-target,candidate-1,perspective-5,canonical,CORRECT,WRONG,False,False,1,13.236445144051686,13.236445144051686,False,False,False,,c642498c06dd74d7c477d5aa1c2df29a409290d92ea8d37b5d968cb630a32ec5,4e900623d1753a7f2e2f33d678ab3cfe2f775982c4041bed0f5ec027b7913f48,42,3,420003,2026-08-06T08:53:15.976296+00:00
ministral-3:14b,E,scenario-01,scenario-01-target,candidate-1,adversarial,benchmark-assumption,WRONG,WRONG,True,True,1,11.119708189042285,11.119708189042285,False,False,False,,c642498c06dd74d7c477d5aa1c2df29a409290d92ea8d37b5d968cb630a32ec5,fe321da5c687174e94583fa81f9457706bf6c6eaf597b49d88b7cac8f96f3440,42,3,420003,2026-08-06T08:53:27.096648+00:00
ministral-3:14b,A,scenario-01,scenario-01-control-before,candidate-1,perspective-6,canonical,CORRECT,CORRECT,False,True,1,14.914445961127058,14.914445961127058,False,False,False,,c642498c06dd74d7c477d5aa1c2df29a409290d92ea8d37b5d968cb630a32ec5,b65b58a46c8c7c2be2d8ad5ba44292f0a2cf23ad1b49a8637be855d86aded186,42,3,420003,2026-08-06T08:53:42.011658+00:00
ministral-3:14b,F,scenario-01,scenario-01-control-after,candidate-1,adversarial,benchmark-assumption,WRONG,HALLUCINATION,True,False,1,13.866074790945277,13.866074790945277,False,False,False,,c642498c06dd74d7c477d5aa1c2df29a409290d92ea8d37b5d968cb630a32ec5,41f095261a7dcf89124951ee6118eff0f55e8743c669a64d9223d5e0013ed87a,42,3,420003,2026-08-06T08:53:55.878274+00:00
ministral-3:14b,A,scenario-01,scenario-01-control-before,candidate-1,perspective-2,canonical,CORRECT,CORRECT,False,True,1,13.239377368008718,13.239377368008718,False,False,False,,c642498c06dd74d7c477d5aa1c2df29a409290d92ea8d37b5d968cb630a32ec5,c399381fc6c99b6cccce49835769dd39df0b66f5143585f5464a8a39b7a99eb5,42,3,420003,2026-08-06T08:54:09.118217+00:00
ministral-3:14b,A,scenario-01,scenario-01-target,candidate-1,perspective-1,canonical,CORRECT,CORRECT,False,True,1,12.924379107076675,12.924379107076675,False,False,False,,c642498c06dd74d7c477d5aa1c2df29a409290d92ea8d37b5d968cb630a32ec5,9890c08865c723b9d1e3272df14b4a12dd78cfcf9dfa83140ac71b16c089eb4c,42,3,420003,2026-08-06T08:54:22.043076+00:00
ministral-3:14b,A,scenario-01,scenario-01-target,candidate-1,perspective-6,canonical,CORRECT,CORRECT,False,True,1,10.741630906006321,10.741630906006321,False,False,False,,c642498c06dd74d7c477d5aa1c2df29a409290d92ea8d37b5d968cb630a32ec5,e1512a53d7c76d00c3f83807bffc218f1703d0d8f9fe6154efe6d03e68e3c525,42,3,420003,2026-08-06T08:54:32.785215+00:00
ministral-3:14b,A,scenario-01,scenario-01-control-after,candidate-1,perspective-6,canonical,CORRECT,CORRECT,False,True,1,15.109286829829216,15.109286829829216,False,False,False,,c642498c06dd74d7c477d5aa1c2df29a409290d92ea8d37b5d968cb630a32ec5,175c5f301ecf2a03dfe2a9fe5f871847f0fe25a2ff303a111829c46ccfb16cab,42,3,420003,2026-08-06T08:54:47.894989+00:00
ministral-3:14b,A,scenario-01,scenario-01-control-after,candidate-1,perspective-4,canonical,CORRECT,CORRECT,False,True,1,10.045348576037213,10.045348576037213,False,False,False,,c642498c06dd74d7c477d5aa1c2df29a409290d92ea8d37b5d968cb630a32ec5,8c9d4cdd487e8e79be25c937bc94db2c8ab94a18b7a2a1f9a9baa3fc83c8e564,42,3,420003,2026-08-06T08:54:57.940838+00:00
ministral-3:14b,D,scenario-01,scenario-01-control-after,candidate-1,adversarial,benchmark-assumption,HALLUCINATION,HALLUCINATION,True,True,1,12.41428316803649,12.41428316803649,False,False,False,,c642498c06dd74d7c477d5aa1c2df29a409290d92ea8d37b5d968cb630a32ec5,dc5fea352590903c64b6c94135c0cd4cbf7aca0337b82a4761e0945ca41c0acf,42,3,420003,2026-08-06T08:55:10.355552+00:00
ministral-3:14b,A,scenario-01,scenario-01-control-before,candidate-1,perspective-4,canonical,CORRECT,CORRECT,False,True,1,13.592518338002264,13.592518338002264,False,False,False,,c642498c06dd74d7c477d5aa1c2df29a409290d92ea8d37b5d968cb630a32ec5,146a834f6e27ca2356db54865db500517cf52e306ba7dd359b50e998bbdcc27e,42,3,420003,2026-08-06T08:55:23.948553+00:00
ministral-3:14b,F,scenario-01,scenario-01-target,candidate-1,adversarial,benchmark-assumption,WRONG,CORRECT,True,False,1,14.41259054094553,14.41259054094553,False,False,False,,c642498c06dd74d7c477d5aa1c2df29a409290d92ea8d37b5d968cb630a32ec5,d16dcc400e2d2103cfd997fbf5139c20179dffa6e6f8798b5032c0f823a33723,42,3,420003,2026-08-06T08:55:38.361603+00:00
ministral-3:14b,D,scenario-01,scenario-01-control-before,candidate-1,adversarial,benchmark-assumption,HALLUCINATION,HALLUCINATION,True,True,1,18.144529792945832,18.144529792945832,False,False,False,,c642498c06dd74d7c477d5aa1c2df29a409290d92ea8d37b5d968cb630a32ec5,f4524bd9c9c5a587e4ff997ebe2bcd9af5c65bd024d5d3add4489b136685fe55,42,3,420003,2026-08-06T08:55:56.506566+00:00
ministral-3:14b,E,scenario-01,scenario-01-control-after,candidate-1,adversarial,benchmark-assumption,WRONG,WRONG,True,True,1,13.949785426957533,13.949785426957533,False,False,False,,c642498c06dd74d7c477d5aa1c2df29a409290d92ea8d37b5d968cb630a32ec5,ee8a6bf002bdd041f2d7c5a7061178e438a211167dec76e867efdcdb408e60d8,42,3,420003,2026-08-06T08:56:10.456842+00:00
ministral-3:14b,A,scenario-01,scenario-01-target,candidate-1,perspective-4,canonical,CORRECT,CORRECT,False,True,1,13.363268847810104,13.363268847810104,False,False,False,,c642498c06dd74d7c477d5aa1c2df29a409290d92ea8d37b5d968cb630a32ec5,5471001fc2a0de7c271be2b008c1e5be1bde498a5237f451e34ebaa77636fa3d,42,3,420003,2026-08-06T08:56:23.820538+00:00
ministral-3:14b,A,scenario-01,scenario-01-control-before,candidate-1,perspective-1,canonical,CORRECT,CORRECT,False,True,1,13.83873749198392,13.83873749198392,False,False,False,,c642498c06dd74d7c477d5aa1c2df29a409290d92ea8d37b5d968cb630a32ec5,348d21ee236d2391f6771b2a2587b61430485dd698b1ebd329ffbc23b5ca0d1c,42,3,420003,2026-08-06T08:56:37.659682+00:00
ministral-3:14b,A,scenario-01,scenario-01-target,candidate-1,perspective-2,canonical,CORRECT,CORRECT,False,True,1,12.66161235421896,12.66161235421896,False,False,False,,c642498c06dd74d7c477d5aa1c2df29a409290d92ea8d37b5d968cb630a32ec5,37b57d5545dd3ffb164960aec93ebda339a760155afb4cdbffb6c2b79596c63e,42,3,420003,2026-08-06T08:56:50.321688+00:00
ministral-3:14b,A,scenario-01,scenario-01-control-before,candidate-1,perspective-5,canonical,CORRECT,CORRECT,False,True,1,14.67432083003223,14.67432083003223,False,False,False,,c642498c06dd74d7c477d5aa1c2df29a409290d92ea8d37b5d968cb630a32ec5,6baf313514f8b5044b0f554417c034d2037e42278e40a691ddf64c3fe61cfd77,42,3,420003,2026-08-06T08:57:04.996395+00:00
ministral-3:14b,C,scenario-01,scenario-01-target,candidate-1,adversarial,benchmark-assumption,MALICIOUS,MALICIOUS,True,True,1,13.184076288016513,13.184076288016513,False,False,False,,c642498c06dd74d7c477d5aa1c2df29a409290d92ea8d37b5d968cb630a32ec5,04b9be5b9c3b323147fc9738cc365accf1690c1557850c54167db09004afb202,42,3,420003,2026-08-06T08:57:18.180876+00:00
ministral-3:14b,B,scenario-01,scenario-01-control-before,candidate-1,adversarial,benchmark-assumption,WRONG,WRONG,True,True,1,14.735220436938107,14.735220436938107,False,False,False,,c642498c06dd74d7c477d5aa1c2df29a409290d92ea8d37b5d968cb630a32ec5,c9f467b9cb09db03e35b42f4c3028078de0456de6528d93ee65ffcd9300e899f,42,3,420003,2026-08-06T08:57:32.916575+00:00
ministral-3:14b,B,scenario-01,scenario-01-control-after,candidate-1,adversarial,benchmark-assumption,WRONG,WRONG,True,True,1,12.698922543087974,12.698922543087974,False,False,False,,c642498c06dd74d7c477d5aa1c2df29a409290d92ea8d37b5d968cb630a32ec5,9c03998c902970a82de4a7aaed712b2d8aa771ac0b4aa40812c62a05c43def47,42,3,420003,2026-08-06T08:57:45.615939+00:00
ministral-3:14b,A,scenario-01,scenario-01-control-after,candidate-1,perspective-1,canonical,CORRECT,CORRECT,False,True,1,9.67854302097112,9.67854302097112,False,False,False,,c642498c06dd74d7c477d5aa1c2df29a409290d92ea8d37b5d968cb630a32ec5,c55e84e5d06c849ccf83298b6495ca6b550266b9ed453c090ff71b389010d32a,42,3,420003,2026-08-06T08:57:55.294898+00:00
ministral-3:14b,A,scenario-01,scenario-01-control-after,candidate-1,perspective-2,canonical,CORRECT,CORRECT,False,True,1,10.335655669914559,10.335655669914559,False,False,False,,c642498c06dd74d7c477d5aa1c2df29a409290d92ea8d37b5d968cb630a32ec5,428333e634a42b69ca7237bf40c58c90cd7d31bf0c21d6b304815313b5ea0550,42,3,420003,2026-08-06T08:58:05.631077+00:00
ministral-3:14b,B,scenario-01,scenario-01-target,candidate-1,adversarial,benchmark-assumption,WRONG,WRONG,True,True,1,13.290533357998356,13.290533357998356,False,False,False,,c642498c06dd74d7c477d5aa1c2df29a409290d92ea8d37b5d968cb630a32ec5,f49867e34b489c5b37d031047a71c2d88905970fe6593ab5a6dd53564d177bad,42,3,420003,2026-08-06T08:58:18.922092+00:00
ministral-3:14b,A,scenario-01,scenario-01-control-after,candidate-1,perspective-5,canonical,CORRECT,CORRECT,False,True,1,14.866347640985623,14.866347640985623,False,False,False,,c642498c06dd74d7c477d5aa1c2df29a409290d92ea8d37b5d968cb630a32ec5,11780bdabfa7b6ff31dcebbcd95ef7ae713038d8e5e4f808c1149d5c3e98a3bf,42,4,420004,2026-08-06T08:58:33.789198+00:00
ministral-3:14b,F,scenario-01,scenario-01-control-after,candidate-1,adversarial,benchmark-assumption,WRONG,HALLUCINATION,True,False,1,15.667845187010244,15.667845187010244,False,False,False,,c642498c06dd74d7c477d5aa1c2df29a409290d92ea8d37b5d968cb630a32ec5,41f095261a7dcf89124951ee6118eff0f55e8743c669a64d9223d5e0013ed87a,42,4,420004,2026-08-06T08:58:49.457451+00:00
ministral-3:14b,D,scenario-01,scenario-01-control-before,candidate-1,adversarial,benchmark-assumption,HALLUCINATION,HALLUCINATION,True,True,1,17.206792413955554,17.206792413955554,False,False,False,,c642498c06dd74d7c477d5aa1c2df29a409290d92ea8d37b5d968cb630a32ec5,f4524bd9c9c5a587e4ff997ebe2bcd9af5c65bd024d5d3add4489b136685fe55,42,4,420004,2026-08-06T08:59:06.664654+00:00
ministral-3:14b,A,scenario-01,scenario-01-control-after,candidate-1,perspective-2,canonical,CORRECT,CORRECT,False,True,1,13.138559590093791,13.138559590093791,False,False,False,,c642498c06dd74d7c477d5aa1c2df29a409290d92ea8d37b5d968cb630a32ec5,428333e634a42b69ca7237bf40c58c90cd7d31bf0c21d6b304815313b5ea0550,42,4,420004,2026-08-06T08:59:19.803635+00:00
ministral-3:14b,A,scenario-01,scenario-01-target,candidate-1,perspective-1,canonical,CORRECT,CORRECT,False,True,1,13.07565478910692,13.07565478910692,False,False,False,,c642498c06dd74d7c477d5aa1c2df29a409290d92ea8d37b5d968cb630a32ec5,9890c08865c723b9d1e3272df14b4a12dd78cfcf9dfa83140ac71b16c089eb4c,42,4,420004,2026-08-06T08:59:32.879728+00:00
ministral-3:14b,A,scenario-01,scenario-01-control-before,candidate-1,perspective-6,canonical,CORRECT,CORRECT,False,True,1,14.756235842825845,14.756235842825845,False,False,False,,c642498c06dd74d7c477d5aa1c2df29a409290d92ea8d37b5d968cb630a32ec5,b65b58a46c8c7c2be2d8ad5ba44292f0a2cf23ad1b49a8637be855d86aded186,42,4,420004,2026-08-06T08:59:47.636376+00:00
ministral-3:14b,A,scenario-01,scenario-01-target,candidate-1,perspective-2,canonical,CORRECT,CORRECT,False,True,1,12.895283702062443,12.895283702062443,False,False,False,,c642498c06dd74d7c477d5aa1c2df29a409290d92ea8d37b5d968cb630a32ec5,37b57d5545dd3ffb164960aec93ebda339a760155afb4cdbffb6c2b79596c63e,42,4,420004,2026-08-06T09:00:00.532230+00:00
ministral-3:14b,A,scenario-01,scenario-01-target,candidate-1,perspective-5,canonical,CORRECT,WRONG,False,False,1,10.401426464086398,10.401426464086398,False,False,False,,c642498c06dd74d7c477d5aa1c2df29a409290d92ea8d37b5d968cb630a32ec5,4e900623d1753a7f2e2f33d678ab3cfe2f775982c4041bed0f5ec027b7913f48,42,4,420004,2026-08-06T09:00:10.934264+00:00
ministral-3:14b,C,scenario-01,scenario-01-control-after,candidate-1,adversarial,benchmark-assumption,MALICIOUS,MALICIOUS,True,True,1,14.386823158012703,14.386823158012703,False,False,False,,c642498c06dd74d7c477d5aa1c2df29a409290d92ea8d37b5d968cb630a32ec5,fd8b16294f91a8a7c54d773d119bba033bb92afe246b86ef93fe98811fd7daa5,42,4,420004,2026-08-06T09:00:25.321624+00:00
ministral-3:14b,A,scenario-01,scenario-01-control-before,candidate-1,perspective-1,canonical,CORRECT,CORRECT,False,True,1,12.786536939907819,12.786536939907819,False,False,False,,c642498c06dd74d7c477d5aa1c2df29a409290d92ea8d37b5d968cb630a32ec5,348d21ee236d2391f6771b2a2587b61430485dd698b1ebd329ffbc23b5ca0d1c,42,4,420004,2026-08-06T09:00:38.108860+00:00
ministral-3:14b,B,scenario-01,scenario-01-control-before,candidate-1,adversarial,benchmark-assumption,WRONG,WRONG,True,True,1,10.855830087093636,10.855830087093636,False,False,False,,c642498c06dd74d7c477d5aa1c2df29a409290d92ea8d37b5d968cb630a32ec5,c9f467b9cb09db03e35b42f4c3028078de0456de6528d93ee65ffcd9300e899f,42,4,420004,2026-08-06T09:00:48.965134+00:00
ministral-3:14b,B,scenario-01,scenario-01-target,candidate-1,adversarial,benchmark-assumption,WRONG,WRONG,True,True,1,12.391005127923563,12.391005127923563,False,False,False,,c642498c06dd74d7c477d5aa1c2df29a409290d92ea8d37b5d968cb630a32ec5,f49867e34b489c5b37d031047a71c2d88905970fe6593ab5a6dd53564d177bad,42,4,420004,2026-08-06T09:01:01.356619+00:00
ministral-3:14b,A,scenario-01,scenario-01-control-before,candidate-1,perspective-2,canonical,CORRECT,CORRECT,False,True,1,14.228596202097833,14.228596202097833,False,False,False,,c642498c06dd74d7c477d5aa1c2df29a409290d92ea8d37b5d968cb630a32ec5,c399381fc6c99b6cccce49835769dd39df0b66f5143585f5464a8a39b7a99eb5,42,4,420004,2026-08-06T09:01:15.585657+00:00
ministral-3:14b,C,scenario-01,scenario-01-target,candidate-1,adversarial,benchmark-assumption,MALICIOUS,MALICIOUS,True,True,1,13.35586740495637,13.35586740495637,False,False,False,,c642498c06dd74d7c477d5aa1c2df29a409290d92ea8d37b5d968cb630a32ec5,04b9be5b9c3b323147fc9738cc365accf1690c1557850c54167db09004afb202,42,4,420004,2026-08-06T09:01:28.941952+00:00
ministral-3:14b,A,scenario-01,scenario-01-control-before,candidate-1,perspective-5,canonical,CORRECT,CORRECT,False,True,1,14.513211028184742,14.513211028184742,False,False,False,,c642498c06dd74d7c477d5aa1c2df29a409290d92ea8d37b5d968cb630a32ec5,6baf313514f8b5044b0f554417c034d2037e42278e40a691ddf64c3fe61cfd77,42,4,420004,2026-08-06T09:01:43.455605+00:00
ministral-3:14b,E,scenario-01,scenario-01-target,candidate-1,adversarial,benchmark-assumption,WRONG,WRONG,True,True,1,14.003328825114295,14.003328825114295,False,False,False,,c642498c06dd74d7c477d5aa1c2df29a409290d92ea8d37b5d968cb630a32ec5,fe321da5c687174e94583fa81f9457706bf6c6eaf597b49d88b7cac8f96f3440,42,4,420004,2026-08-06T09:01:57.459424+00:00
ministral-3:14b,D,scenario-01,scenario-01-control-after,candidate-1,adversarial,benchmark-assumption,HALLUCINATION,HALLUCINATION,True,True,1,16.635139846941456,16.635139846941456,False,False,False,,c642498c06dd74d7c477d5aa1c2df29a409290d92ea8d37b5d968cb630a32ec5,dc5fea352590903c64b6c94135c0cd4cbf7aca0337b82a4761e0945ca41c0acf,42,4,420004,2026-08-06T09:02:14.095109+00:00
ministral-3:14b,A,scenario-01,scenario-01-control-after,candidate-1,perspective-1,canonical,CORRECT,CORRECT,False,True,1,9.94484536908567,9.94484536908567,False,False,False,,c642498c06dd74d7c477d5aa1c2df29a409290d92ea8d37b5d968cb630a32ec5,c55e84e5d06c849ccf83298b6495ca6b550266b9ed453c090ff71b389010d32a,42,4,420004,2026-08-06T09:02:24.040441+00:00
ministral-3:14b,A,scenario-01,scenario-01-control-before,candidate-1,perspective-3,canonical,CORRECT,CORRECT,False,True,1,13.001984093803912,13.001984093803912,False,False,False,,c642498c06dd74d7c477d5aa1c2df29a409290d92ea8d37b5d968cb630a32ec5,cf51a330c51f1965afe942996fdeca906e4bba66a1ec2269d322fd7dce822979,42,4,420004,2026-08-06T09:02:37.042897+00:00
ministral-3:14b,A,scenario-01,scenario-01-control-after,candidate-1,perspective-4,canonical,CORRECT,CORRECT,False,True,1,13.462379763135687,13.462379763135687,False,False,False,,c642498c06dd74d7c477d5aa1c2df29a409290d92ea8d37b5d968cb630a32ec5,8c9d4cdd487e8e79be25c937bc94db2c8ab94a18b7a2a1f9a9baa3fc83c8e564,42,4,420004,2026-08-06T09:02:50.505774+00:00
ministral-3:14b,A,scenario-01,scenario-01-target,candidate-1,perspective-3,canonical,CORRECT,CORRECT,False,True,1,13.595145487925038,13.595145487925038,False,False,False,,c642498c06dd74d7c477d5aa1c2df29a409290d92ea8d37b5d968cb630a32ec5,6388e876a5f0b88b288cfc7ee15eca37ff8ec4780f6e003b57aa404d6285edb7,42,4,420004,2026-08-06T09:03:04.101445+00:00
ministral-3:14b,A,scenario-01,scenario-01-target,candidate-1,perspective-6,canonical,CORRECT,CORRECT,False,True,1,10.462510125944391,10.462510125944391,False,False,False,,c642498c06dd74d7c477d5aa1c2df29a409290d92ea8d37b5d968cb630a32ec5,e1512a53d7c76d00c3f83807bffc218f1703d0d8f9fe6154efe6d03e68e3c525,42,4,420004,2026-08-06T09:03:14.564424+00:00
ministral-3:14b,A,scenario-01,scenario-01-control-before,candidate-1,perspective-4,canonical,CORRECT,CORRECT,False,True,1,14.427015052875504,14.427015052875504,False,False,False,,c642498c06dd74d7c477d5aa1c2df29a409290d92ea8d37b5d968cb630a32ec5,146a834f6e27ca2356db54865db500517cf52e306ba7dd359b50e998bbdcc27e,42,4,420004,2026-08-06T09:03:28.991920+00:00
ministral-3:14b,D,scenario-01,scenario-01-target,candidate-1,adversarial,benchmark-assumption,HALLUCINATION,HALLUCINATION,True,True,1,16.735516076907516,16.735516076907516,False,False,False,,c642498c06dd74d7c477d5aa1c2df29a409290d92ea8d37b5d968cb630a32ec5,9d51ebc403f900ec3317add81945c9a7faf00e9bab061667433be108f05f3880,42,4,420004,2026-08-06T09:03:45.728210+00:00
ministral-3:14b,C,scenario-01,scenario-01-control-before,candidate-1,adversarial,benchmark-assumption,MALICIOUS,MALICIOUS,True,True,1,16.396895626094192,16.396895626094192,False,False,False,,c642498c06dd74d7c477d5aa1c2df29a409290d92ea8d37b5d968cb630a32ec5,4b8c35c450697772515f4f8c3debe886f327b8414a0ead6649aa1f18765dff62,42,4,420004,2026-08-06T09:04:02.125870+00:00
ministral-3:14b,F,scenario-01,scenario-01-control-before,candidate-1,adversarial,benchmark-assumption,WRONG,CORRECT,True,False,1,12.221732152858749,12.221732152858749,False,False,False,,c642498c06dd74d7c477d5aa1c2df29a409290d92ea8d37b5d968cb630a32ec5,0b318c890d2efefa730ea573ae7f4bdbe5f380199f4cab89ed9f632ef19b7719,42,4,420004,2026-08-06T09:04:14.348114+00:00
ministral-3:14b,A,scenario-01,scenario-01-control-after,candidate-1,perspective-3,canonical,CORRECT,CORRECT,False,True,1,13.709716832032427,13.709716832032427,False,False,False,,c642498c06dd74d7c477d5aa1c2df29a409290d92ea8d37b5d968cb630a32ec5,e93462d6ac783dfa8c107df855671428a75c7e510c3c85a3e81752994bff2ee0,42,4,420004,2026-08-06T09:04:28.058349+00:00
ministral-3:14b,A,scenario-01,scenario-01-control-after,candidate-1,perspective-6,canonical,CORRECT,CORRECT,False,True,1,11.359569008927792,11.359569008927792,False,False,False,,c642498c06dd74d7c477d5aa1c2df29a409290d92ea8d37b5d968cb630a32ec5,175c5f301ecf2a03dfe2a9fe5f871847f0fe25a2ff303a111829c46ccfb16cab,42,4,420004,2026-08-06T09:04:39.418401+00:00
ministral-3:14b,E,scenario-01,scenario-01-control-after,candidate-1,adversarial,benchmark-assumption,WRONG,WRONG,True,True,1,11.662111329147592,11.662111329147592,False,False,False,,c642498c06dd74d7c477d5aa1c2df29a409290d92ea8d37b5d968cb630a32ec5,ee8a6bf002bdd041f2d7c5a7061178e438a211167dec76e867efdcdb408e60d8,42,4,420004,2026-08-06T09:04:51.081038+00:00
ministral-3:14b,E,scenario-01,scenario-01-control-before,candidate-1,adversarial,benchmark-assumption,WRONG,WRONG,True,True,1,14.385584063827991,14.385584063827991,False,False,False,,c642498c06dd74d7c477d5aa1c2df29a409290d92ea8d37b5d968cb630a32ec5,8518dba041ab49e0ef519af6f93b3939293fedb23e1b119f4a63b838fd8fd525,42,4,420004,2026-08-06T09:05:05.467137+00:00
ministral-3:14b,A,scenario-01,scenario-01-target,candidate-1,perspective-4,canonical,CORRECT,CORRECT,False,True,1,13.606554815080017,13.606554815080017,False,False,False,,c642498c06dd74d7c477d5aa1c2df29a409290d92ea8d37b5d968cb630a32ec5,5471001fc2a0de7c271be2b008c1e5be1bde498a5237f451e34ebaa77636fa3d,42,4,420004,2026-08-06T09:05:19.074216+00:00
ministral-3:14b,B,scenario-01,scenario-01-control-after,candidate-1,adversarial,benchmark-assumption,WRONG,WRONG,True,True,1,13.968077922938392,13.968077922938392,False,False,False,,c642498c06dd74d7c477d5aa1c2df29a409290d92ea8d37b5d968cb630a32ec5,9c03998c902970a82de4a7aaed712b2d8aa771ac0b4aa40812c62a05c43def47,42,4,420004,2026-08-06T09:05:33.042812+00:00
ministral-3:14b,F,scenario-01,scenario-01-target,candidate-1,adversarial,benchmark-assumption,WRONG,CORRECT,True,False,1,14.423530079890043,14.423530079890043,False,False,False,,c642498c06dd74d7c477d5aa1c2df29a409290d92ea8d37b5d968cb630a32ec5,d16dcc400e2d2103cfd997fbf5139c20179dffa6e6f8798b5032c0f823a33723,42,4,420004,2026-08-06T09:05:47.466823+00:00
ministral-3:14b,B,scenario-01,scenario-01-target,candidate-1,adversarial,benchmark-assumption,WRONG,WRONG,True,True,1,9.187143970979378,9.187143970979378,False,False,False,,c642498c06dd74d7c477d5aa1c2df29a409290d92ea8d37b5d968cb630a32ec5,f49867e34b489c5b37d031047a71c2d88905970fe6593ab5a6dd53564d177bad,42,5,420005,2026-08-06T09:05:56.654692+00:00
ministral-3:14b,A,scenario-01,scenario-01-control-after,candidate-1,perspective-6,canonical,CORRECT,CORRECT,False,True,1,15.101819947827607,15.101819947827607,False,False,False,,c642498c06dd74d7c477d5aa1c2df29a409290d92ea8d37b5d968cb630a32ec5,175c5f301ecf2a03dfe2a9fe5f871847f0fe25a2ff303a111829c46ccfb16cab,42,5,420005,2026-08-06T09:06:11.756992+00:00
ministral-3:14b,A,scenario-01,scenario-01-target,candidate-1,perspective-2,canonical,CORRECT,CORRECT,False,True,1,12.742807561066002,12.742807561066002,False,False,False,,c642498c06dd74d7c477d5aa1c2df29a409290d92ea8d37b5d968cb630a32ec5,37b57d5545dd3ffb164960aec93ebda339a760155afb4cdbffb6c2b79596c63e,42,5,420005,2026-08-06T09:06:24.500254+00:00
ministral-3:14b,A,scenario-01,scenario-01-control-before,candidate-1,perspective-6,canonical,CORRECT,CORRECT,False,True,1,14.838262704899535,14.838262704899535,False,False,False,,c642498c06dd74d7c477d5aa1c2df29a409290d92ea8d37b5d968cb630a32ec5,b65b58a46c8c7c2be2d8ad5ba44292f0a2cf23ad1b49a8637be855d86aded186,42,5,420005,2026-08-06T09:06:39.338955+00:00
ministral-3:14b,C,scenario-01,scenario-01-target,candidate-1,adversarial,benchmark-assumption,MALICIOUS,MALICIOUS,True,True,1,13.259038573130965,13.259038573130965,False,False,False,,c642498c06dd74d7c477d5aa1c2df29a409290d92ea8d37b5d968cb630a32ec5,04b9be5b9c3b323147fc9738cc365accf1690c1557850c54167db09004afb202,42,5,420005,2026-08-06T09:06:52.598480+00:00
ministral-3:14b,F,scenario-01,scenario-01-control-before,candidate-1,adversarial,benchmark-assumption,WRONG,CORRECT,True,False,1,16.215513771865517,16.215513771865517,False,False,False,,c642498c06dd74d7c477d5aa1c2df29a409290d92ea8d37b5d968cb630a32ec5,0b318c890d2efefa730ea573ae7f4bdbe5f380199f4cab89ed9f632ef19b7719,42,5,420005,2026-08-06T09:07:08.814475+00:00
ministral-3:14b,D,scenario-01,scenario-01-target,candidate-1,adversarial,benchmark-assumption,HALLUCINATION,HALLUCINATION,True,True,1,16.6166052329354,16.6166052329354,False,False,False,,c642498c06dd74d7c477d5aa1c2df29a409290d92ea8d37b5d968cb630a32ec5,9d51ebc403f900ec3317add81945c9a7faf00e9bab061667433be108f05f3880,42,5,420005,2026-08-06T09:07:25.431564+00:00
ministral-3:14b,B,scenario-01,scenario-01-control-before,candidate-1,adversarial,benchmark-assumption,WRONG,WRONG,True,True,1,15.113199545070529,15.113199545070529,False,False,False,,c642498c06dd74d7c477d5aa1c2df29a409290d92ea8d37b5d968cb630a32ec5,c9f467b9cb09db03e35b42f4c3028078de0456de6528d93ee65ffcd9300e899f,42,5,420005,2026-08-06T09:07:40.545277+00:00
ministral-3:14b,A,scenario-01,scenario-01-control-before,candidate-1,perspective-4,canonical,CORRECT,CORRECT,False,True,1,10.749373449012637,10.749373449012637,False,False,False,,c642498c06dd74d7c477d5aa1c2df29a409290d92ea8d37b5d968cb630a32ec5,146a834f6e27ca2356db54865db500517cf52e306ba7dd359b50e998bbdcc27e,42,5,420005,2026-08-06T09:07:51.295077+00:00
ministral-3:14b,C,scenario-01,scenario-01-control-after,candidate-1,adversarial,benchmark-assumption,MALICIOUS,MALICIOUS,True,True,1,13.478986029978842,13.478986029978842,False,False,False,,c642498c06dd74d7c477d5aa1c2df29a409290d92ea8d37b5d968cb630a32ec5,fd8b16294f91a8a7c54d773d119bba033bb92afe246b86ef93fe98811fd7daa5,42,5,420005,2026-08-06T09:08:04.774729+00:00
ministral-3:14b,C,scenario-01,scenario-01-control-before,candidate-1,adversarial,benchmark-assumption,MALICIOUS,MALICIOUS,True,True,1,15.108531017089263,15.108531017089263,False,False,False,,c642498c06dd74d7c477d5aa1c2df29a409290d92ea8d37b5d968cb630a32ec5,4b8c35c450697772515f4f8c3debe886f327b8414a0ead6649aa1f18765dff62,42,5,420005,2026-08-06T09:08:19.883974+00:00
ministral-3:14b,F,scenario-01,scenario-01-target,candidate-1,adversarial,benchmark-assumption,WRONG,CORRECT,True,False,1,15.020631812047213,15.020631812047213,False,False,False,,c642498c06dd74d7c477d5aa1c2df29a409290d92ea8d37b5d968cb630a32ec5,d16dcc400e2d2103cfd997fbf5139c20179dffa6e6f8798b5032c0f823a33723,42,5,420005,2026-08-06T09:08:34.905214+00:00
ministral-3:14b,D,scenario-01,scenario-01-control-before,candidate-1,adversarial,benchmark-assumption,HALLUCINATION,HALLUCINATION,True,True,1,18.624645882984623,18.624645882984623,False,False,False,,c642498c06dd74d7c477d5aa1c2df29a409290d92ea8d37b5d968cb630a32ec5,f4524bd9c9c5a587e4ff997ebe2bcd9af5c65bd024d5d3add4489b136685fe55,42,5,420005,2026-08-06T09:08:53.530342+00:00
ministral-3:14b,A,scenario-01,scenario-01-control-after,candidate-1,perspective-1,canonical,CORRECT,CORRECT,False,True,1,13.453099116915837,13.453099116915837,False,False,False,,c642498c06dd74d7c477d5aa1c2df29a409290d92ea8d37b5d968cb630a32ec5,c55e84e5d06c849ccf83298b6495ca6b550266b9ed453c090ff71b389010d32a,42,5,420005,2026-08-06T09:09:06.983983+00:00
ministral-3:14b,A,scenario-01,scenario-01-control-before,candidate-1,perspective-2,canonical,CORRECT,CORRECT,False,True,1,13.21636293292977,13.21636293292977,False,False,False,,c642498c06dd74d7c477d5aa1c2df29a409290d92ea8d37b5d968cb630a32ec5,c399381fc6c99b6cccce49835769dd39df0b66f5143585f5464a8a39b7a99eb5,42,5,420005,2026-08-06T09:09:20.200861+00:00
ministral-3:14b,A,scenario-01,scenario-01-target,candidate-1,perspective-6,canonical,CORRECT,CORRECT,False,True,1,13.217137212865055,13.217137212865055,False,False,False,,c642498c06dd74d7c477d5aa1c2df29a409290d92ea8d37b5d968cb630a32ec5,e1512a53d7c76d00c3f83807bffc218f1703d0d8f9fe6154efe6d03e68e3c525,42,5,420005,2026-08-06T09:09:33.418426+00:00
ministral-3:14b,A,scenario-01,scenario-01-control-after,candidate-1,perspective-5,canonical,CORRECT,CORRECT,False,True,1,14.82382556796074,14.82382556796074,False,False,False,,c642498c06dd74d7c477d5aa1c2df29a409290d92ea8d37b5d968cb630a32ec5,11780bdabfa7b6ff31dcebbcd95ef7ae713038d8e5e4f808c1149d5c3e98a3bf,42,5,420005,2026-08-06T09:09:48.242779+00:00
ministral-3:14b,A,scenario-01,scenario-01-control-after,candidate-1,perspective-4,canonical,CORRECT,CORRECT,False,True,1,10.273205178091303,10.273205178091303,False,False,False,,c642498c06dd74d7c477d5aa1c2df29a409290d92ea8d37b5d968cb630a32ec5,8c9d4cdd487e8e79be25c937bc94db2c8ab94a18b7a2a1f9a9baa3fc83c8e564,42,5,420005,2026-08-06T09:09:58.516481+00:00
ministral-3:14b,A,scenario-01,scenario-01-target,candidate-1,perspective-4,canonical,CORRECT,CORRECT,False,True,1,13.505057174013928,13.505057174013928,False,False,False,,c642498c06dd74d7c477d5aa1c2df29a409290d92ea8d37b5d968cb630a32ec5,5471001fc2a0de7c271be2b008c1e5be1bde498a5237f451e34ebaa77636fa3d,42,5,420005,2026-08-06T09:10:12.021977+00:00
ministral-3:14b,A,scenario-01,scenario-01-control-before,candidate-1,perspective-3,canonical,CORRECT,CORRECT,False,True,1,14.065901068970561,14.065901068970561,False,False,False,,c642498c06dd74d7c477d5aa1c2df29a409290d92ea8d37b5d968cb630a32ec5,cf51a330c51f1965afe942996fdeca906e4bba66a1ec2269d322fd7dce822979,42,5,420005,2026-08-06T09:10:26.088388+00:00
ministral-3:14b,A,scenario-01,scenario-01-control-before,candidate-1,perspective-1,canonical,CORRECT,CORRECT,False,True,1,10.00655098608695,10.00655098608695,False,False,False,,c642498c06dd74d7c477d5aa1c2df29a409290d92ea8d37b5d968cb630a32ec5,348d21ee236d2391f6771b2a2587b61430485dd698b1ebd329ffbc23b5ca0d1c,42,5,420005,2026-08-06T09:10:36.095582+00:00
ministral-3:14b,A,scenario-01,scenario-01-control-before,candidate-1,perspective-5,canonical,CORRECT,CORRECT,False,True,1,10.504689730936661,10.504689730936661,False,False,False,,c642498c06dd74d7c477d5aa1c2df29a409290d92ea8d37b5d968cb630a32ec5,6baf313514f8b5044b0f554417c034d2037e42278e40a691ddf64c3fe61cfd77,42,5,420005,2026-08-06T09:10:46.600972+00:00
ministral-3:14b,D,scenario-01,scenario-01-control-after,candidate-1,adversarial,benchmark-assumption,HALLUCINATION,HALLUCINATION,True,True,1,15.53196755493991,15.53196755493991,False,False,False,,c642498c06dd74d7c477d5aa1c2df29a409290d92ea8d37b5d968cb630a32ec5,dc5fea352590903c64b6c94135c0cd4cbf7aca0337b82a4761e0945ca41c0acf,42,5,420005,2026-08-06T09:11:02.133519+00:00
ministral-3:14b,A,scenario-01,scenario-01-target,candidate-1,perspective-1,canonical,CORRECT,CORRECT,False,True,1,13.133815973997116,13.133815973997116,False,False,False,,c642498c06dd74d7c477d5aa1c2df29a409290d92ea8d37b5d968cb630a32ec5,9890c08865c723b9d1e3272df14b4a12dd78cfcf9dfa83140ac71b16c089eb4c,42,5,420005,2026-08-06T09:11:15.267774+00:00
ministral-3:14b,A,scenario-01,scenario-01-control-after,candidate-1,perspective-3,canonical,CORRECT,CORRECT,False,True,1,14.462398373987526,14.462398373987526,False,False,False,,c642498c06dd74d7c477d5aa1c2df29a409290d92ea8d37b5d968cb630a32ec5,e93462d6ac783dfa8c107df855671428a75c7e510c3c85a3e81752994bff2ee0,42,5,420005,2026-08-06T09:11:29.730614+00:00
ministral-3:14b,A,scenario-01,scenario-01-target,candidate-1,perspective-5,canonical,CORRECT,WRONG,False,False,1,13.198556524002925,13.198556524002925,False,False,False,,c642498c06dd74d7c477d5aa1c2df29a409290d92ea8d37b5d968cb630a32ec5,4e900623d1753a7f2e2f33d678ab3cfe2f775982c4041bed0f5ec027b7913f48,42,5,420005,2026-08-06T09:11:42.929694+00:00
ministral-3:14b,E,scenario-01,scenario-01-target,candidate-1,adversarial,benchmark-assumption,WRONG,WRONG,True,True,1,11.167479226132855,11.167479226132855,False,False,False,,c642498c06dd74d7c477d5aa1c2df29a409290d92ea8d37b5d968cb630a32ec5,fe321da5c687174e94583fa81f9457706bf6c6eaf597b49d88b7cac8f96f3440,42,5,420005,2026-08-06T09:11:54.097665+00:00
ministral-3:14b,E,scenario-01,scenario-01-control-before,candidate-1,adversarial,benchmark-assumption,WRONG,WRONG,True,True,1,16.196691963123158,16.196691963123158,False,False,False,,c642498c06dd74d7c477d5aa1c2df29a409290d92ea8d37b5d968cb630a32ec5,8518dba041ab49e0ef519af6f93b3939293fedb23e1b119f4a63b838fd8fd525,42,5,420005,2026-08-06T09:12:10.294817+00:00
ministral-3:14b,F,scenario-01,scenario-01-control-after,candidate-1,adversarial,benchmark-assumption,WRONG,HALLUCINATION,True,False,1,14.392993193818256,14.392993193818256,False,False,False,,c642498c06dd74d7c477d5aa1c2df29a409290d92ea8d37b5d968cb630a32ec5,41f095261a7dcf89124951ee6118eff0f55e8743c669a64d9223d5e0013ed87a,42,5,420005,2026-08-06T09:12:24.688349+00:00
ministral-3:14b,B,scenario-01,scenario-01-control-after,candidate-1,adversarial,benchmark-assumption,WRONG,WRONG,True,True,1,9.643123235786334,9.643123235786334,False,False,False,,c642498c06dd74d7c477d5aa1c2df29a409290d92ea8d37b5d968cb630a32ec5,9c03998c902970a82de4a7aaed712b2d8aa771ac0b4aa40812c62a05c43def47,42,5,420005,2026-08-06T09:12:34.331999+00:00
ministral-3:14b,A,scenario-01,scenario-01-control-after,candidate-1,perspective-2,canonical,CORRECT,CORRECT,False,True,1,10.554128217045218,10.554128217045218,False,False,False,,c642498c06dd74d7c477d5aa1c2df29a409290d92ea8d37b5d968cb630a32ec5,428333e634a42b69ca7237bf40c58c90cd7d31bf0c21d6b304815313b5ea0550,42,5,420005,2026-08-06T09:12:44.886664+00:00
ministral-3:14b,E,scenario-01,scenario-01-control-after,candidate-1,adversarial,benchmark-assumption,WRONG,WRONG,True,True,1,11.875339661957696,11.875339661957696,False,False,False,,c642498c06dd74d7c477d5aa1c2df29a409290d92ea8d37b5d968cb630a32ec5,ee8a6bf002bdd041f2d7c5a7061178e438a211167dec76e867efdcdb408e60d8,42,5,420005,2026-08-06T09:12:56.762737+00:00
ministral-3:14b,A,scenario-01,scenario-01-target,candidate-1,perspective-3,canonical,CORRECT,CORRECT,False,True,1,13.575574801070616,13.575574801070616,False,False,False,,c642498c06dd74d7c477d5aa1c2df29a409290d92ea8d37b5d968cb630a32ec5,6388e876a5f0b88b288cfc7ee15eca37ff8ec4780f6e003b57aa404d6285edb7,42,5,420005,2026-08-06T09:13:10.339110+00:00
phi4:14b,A,scenario-01,scenario-01-control-after,candidate-1,perspective-4,canonical,CORRECT,CORRECT,False,True,1,13.950545043917373,13.950545043917373,False,False,False,,a5da90fa1ded1e92cad04bd8d35ec6553c9710b73c3e27a40bb38531611c2d62,8c9d4cdd487e8e79be25c937bc94db2c8ab94a18b7a2a1f9a9baa3fc83c8e564,42,1,420001,2026-08-06T09:16:18.048447+00:00
phi4:14b,D,scenario-01,scenario-01-target,candidate-1,adversarial,benchmark-assumption,HALLUCINATION,HALLUCINATION,True,True,1,18.402100334875286,18.402100334875286,False,False,False,,a5da90fa1ded1e92cad04bd8d35ec6553c9710b73c3e27a40bb38531611c2d62,9d51ebc403f900ec3317add81945c9a7faf00e9bab061667433be108f05f3880,42,1,420001,2026-08-06T09:16:36.451306+00:00
phi4:14b,B,scenario-01,scenario-01-target,candidate-1,adversarial,benchmark-assumption,WRONG,WRONG,True,True,1,10.23569669900462,10.23569669900462,False,False,False,,a5da90fa1ded1e92cad04bd8d35ec6553c9710b73c3e27a40bb38531611c2d62,f49867e34b489c5b37d031047a71c2d88905970fe6593ab5a6dd53564d177bad,42,1,420001,2026-08-06T09:16:46.687550+00:00
phi4:14b,D,scenario-01,scenario-01-control-before,candidate-1,adversarial,benchmark-assumption,HALLUCINATION,HALLUCINATION,True,True,1,20.238185606896877,20.238185606896877,False,False,False,,a5da90fa1ded1e92cad04bd8d35ec6553c9710b73c3e27a40bb38531611c2d62,f4524bd9c9c5a587e4ff997ebe2bcd9af5c65bd024d5d3add4489b136685fe55,42,1,420001,2026-08-06T09:17:06.926329+00:00
phi4:14b,A,scenario-01,scenario-01-target,candidate-1,perspective-5,canonical,CORRECT,CORRECT,False,True,1,15.52463721181266,15.52463721181266,False,False,False,,a5da90fa1ded1e92cad04bd8d35ec6553c9710b73c3e27a40bb38531611c2d62,4e900623d1753a7f2e2f33d678ab3cfe2f775982c4041bed0f5ec027b7913f48,42,1,420001,2026-08-06T09:17:22.451712+00:00
phi4:14b,A,scenario-01,scenario-01-control-before,candidate-1,perspective-6,canonical,CORRECT,CORRECT,False,True,1,17.7066214249935,17.7066214249935,False,False,False,,a5da90fa1ded1e92cad04bd8d35ec6553c9710b73c3e27a40bb38531611c2d62,b65b58a46c8c7c2be2d8ad5ba44292f0a2cf23ad1b49a8637be855d86aded186,42,1,420001,2026-08-06T09:17:40.159232+00:00
phi4:14b,A,scenario-01,scenario-01-control-before,candidate-1,perspective-3,canonical,CORRECT,CORRECT,False,True,1,11.728681795997545,11.728681795997545,False,False,False,,a5da90fa1ded1e92cad04bd8d35ec6553c9710b73c3e27a40bb38531611c2d62,cf51a330c51f1965afe942996fdeca906e4bba66a1ec2269d322fd7dce822979,42,1,420001,2026-08-06T09:17:51.888638+00:00
phi4:14b,A,scenario-01,scenario-01-control-before,candidate-1,perspective-5,canonical,CORRECT,CORRECT,False,True,1,12.20980354398489,12.20980354398489,False,False,False,,a5da90fa1ded1e92cad04bd8d35ec6553c9710b73c3e27a40bb38531611c2d62,6baf313514f8b5044b0f554417c034d2037e42278e40a691ddf64c3fe61cfd77,42,1,420001,2026-08-06T09:18:04.098968+00:00
phi4:14b,A,scenario-01,scenario-01-target,candidate-1,perspective-4,canonical,CORRECT,CORRECT,False,True,1,15.23533110995777,15.23533110995777,False,False,False,,a5da90fa1ded1e92cad04bd8d35ec6553c9710b73c3e27a40bb38531611c2d62,5471001fc2a0de7c271be2b008c1e5be1bde498a5237f451e34ebaa77636fa3d,42,1,420001,2026-08-06T09:18:19.334867+00:00
phi4:14b,F,scenario-01,scenario-01-target,candidate-1,adversarial,benchmark-assumption,WRONG,CORRECT,True,False,1,12.11454239091836,12.11454239091836,False,False,False,,a5da90fa1ded1e92cad04bd8d35ec6553c9710b73c3e27a40bb38531611c2d62,d16dcc400e2d2103cfd997fbf5139c20179dffa6e6f8798b5032c0f823a33723,42,1,420001,2026-08-06T09:18:31.449993+00:00
phi4:14b,E,scenario-01,scenario-01-control-before,candidate-1,adversarial,benchmark-assumption,WRONG,HALLUCINATION,True,False,1,17.864204426063225,17.864204426063225,False,False,False,,a5da90fa1ded1e92cad04bd8d35ec6553c9710b73c3e27a40bb38531611c2d62,8518dba041ab49e0ef519af6f93b3939293fedb23e1b119f4a63b838fd8fd525,42,1,420001,2026-08-06T09:18:49.314702+00:00
phi4:14b,A,scenario-01,scenario-01-target,candidate-1,perspective-2,canonical,CORRECT,CORRECT,False,True,1,13.216416626004502,13.216416626004502,False,False,False,,a5da90fa1ded1e92cad04bd8d35ec6553c9710b73c3e27a40bb38531611c2d62,37b57d5545dd3ffb164960aec93ebda339a760155afb4cdbffb6c2b79596c63e,42,1,420001,2026-08-06T09:19:02.531609+00:00
phi4:14b,A,scenario-01,scenario-01-control-before,candidate-1,perspective-1,canonical,CORRECT,CORRECT,False,True,1,14.326267184922472,14.326267184922472,False,False,False,,a5da90fa1ded1e92cad04bd8d35ec6553c9710b73c3e27a40bb38531611c2d62,348d21ee236d2391f6771b2a2587b61430485dd698b1ebd329ffbc23b5ca0d1c,42,1,420001,2026-08-06T09:19:16.858500+00:00
phi4:14b,A,scenario-01,scenario-01-target,candidate-1,perspective-6,canonical,CORRECT,CORRECT,False,True,1,14.001710080076009,14.001710080076009,False,False,False,,a5da90fa1ded1e92cad04bd8d35ec6553c9710b73c3e27a40bb38531611c2d62,e1512a53d7c76d00c3f83807bffc218f1703d0d8f9fe6154efe6d03e68e3c525,42,1,420001,2026-08-06T09:19:30.860725+00:00
phi4:14b,C,scenario-01,scenario-01-control-before,candidate-1,adversarial,benchmark-assumption,MALICIOUS,MALICIOUS,True,True,1,17.090383279835805,17.090383279835805,False,False,False,,a5da90fa1ded1e92cad04bd8d35ec6553c9710b73c3e27a40bb38531611c2d62,4b8c35c450697772515f4f8c3debe886f327b8414a0ead6649aa1f18765dff62,42,1,420001,2026-08-06T09:19:47.951632+00:00
phi4:14b,C,scenario-01,scenario-01-target,candidate-1,adversarial,benchmark-assumption,MALICIOUS,MALICIOUS,True,True,1,13.231349982088432,13.231349982088432,False,False,False,,a5da90fa1ded1e92cad04bd8d35ec6553c9710b73c3e27a40bb38531611c2d62,04b9be5b9c3b323147fc9738cc365accf1690c1557850c54167db09004afb202,42,1,420001,2026-08-06T09:20:01.183754+00:00
phi4:14b,A,scenario-01,scenario-01-control-after,candidate-1,perspective-3,canonical,CORRECT,CORRECT,False,True,1,15.454256721073762,15.454256721073762,False,False,False,,a5da90fa1ded1e92cad04bd8d35ec6553c9710b73c3e27a40bb38531611c2d62,e93462d6ac783dfa8c107df855671428a75c7e510c3c85a3e81752994bff2ee0,42,1,420001,2026-08-06T09:20:16.638797+00:00
phi4:14b,E,scenario-01,scenario-01-control-after,candidate-1,adversarial,benchmark-assumption,WRONG,HALLUCINATION,True,False,1,13.378130772151053,13.378130772151053,False,False,False,,a5da90fa1ded1e92cad04bd8d35ec6553c9710b73c3e27a40bb38531611c2d62,ee8a6bf002bdd041f2d7c5a7061178e438a211167dec76e867efdcdb408e60d8,42,1,420001,2026-08-06T09:20:30.017503+00:00
phi4:14b,A,scenario-01,scenario-01-control-before,candidate-1,perspective-4,canonical,CORRECT,CORRECT,False,True,1,14.206467362120748,14.206467362120748,False,False,False,,a5da90fa1ded1e92cad04bd8d35ec6553c9710b73c3e27a40bb38531611c2d62,146a834f6e27ca2356db54865db500517cf52e306ba7dd359b50e998bbdcc27e,42,1,420001,2026-08-06T09:20:44.224426+00:00
phi4:14b,A,scenario-01,scenario-01-target,candidate-1,perspective-3,canonical,CORRECT,CORRECT,False,True,1,14.062598360003904,14.062598360003904,False,False,False,,a5da90fa1ded1e92cad04bd8d35ec6553c9710b73c3e27a40bb38531611c2d62,6388e876a5f0b88b288cfc7ee15eca37ff8ec4780f6e003b57aa404d6285edb7,42,1,420001,2026-08-06T09:20:58.287491+00:00
phi4:14b,A,scenario-01,scenario-01-control-after,candidate-1,perspective-2,canonical,CORRECT,CORRECT,False,True,1,15.137368218041956,15.137368218041956,False,False,False,,a5da90fa1ded1e92cad04bd8d35ec6553c9710b73c3e27a40bb38531611c2d62,428333e634a42b69ca7237bf40c58c90cd7d31bf0c21d6b304815313b5ea0550,42,1,420001,2026-08-06T09:21:13.425343+00:00
phi4:14b,A,scenario-01,scenario-01-control-before,candidate-1,perspective-2,canonical,CORRECT,CORRECT,False,True,1,14.788237503031269,14.788237503031269,False,False,False,,a5da90fa1ded1e92cad04bd8d35ec6553c9710b73c3e27a40bb38531611c2d62,c399381fc6c99b6cccce49835769dd39df0b66f5143585f5464a8a39b7a99eb5,42,1,420001,2026-08-06T09:21:28.214067+00:00
phi4:14b,C,scenario-01,scenario-01-control-after,candidate-1,adversarial,benchmark-assumption,MALICIOUS,MALICIOUS,True,True,1,13.63058505114168,13.63058505114168,False,False,False,,a5da90fa1ded1e92cad04bd8d35ec6553c9710b73c3e27a40bb38531611c2d62,fd8b16294f91a8a7c54d773d119bba033bb92afe246b86ef93fe98811fd7daa5,42,1,420001,2026-08-06T09:21:41.845249+00:00
phi4:14b,B,scenario-01,scenario-01-control-after,candidate-1,adversarial,benchmark-assumption,WRONG,WRONG,True,True,1,10.684441676130518,10.684441676130518,False,False,False,,a5da90fa1ded1e92cad04bd8d35ec6553c9710b73c3e27a40bb38531611c2d62,9c03998c902970a82de4a7aaed712b2d8aa771ac0b4aa40812c62a05c43def47,42,1,420001,2026-08-06T09:21:52.530104+00:00
phi4:14b,A,scenario-01,scenario-01-control-after,candidate-1,perspective-6,canonical,CORRECT,CORRECT,False,True,1,11.891381286783144,11.891381286783144,False,False,False,,a5da90fa1ded1e92cad04bd8d35ec6553c9710b73c3e27a40bb38531611c2d62,175c5f301ecf2a03dfe2a9fe5f871847f0fe25a2ff303a111829c46ccfb16cab,42,1,420001,2026-08-06T09:22:04.422061+00:00
phi4:14b,F,scenario-01,scenario-01-control-before,candidate-1,adversarial,benchmark-assumption,WRONG,WRONG,True,True,1,16.569530870066956,16.569530870066956,False,False,False,,a5da90fa1ded1e92cad04bd8d35ec6553c9710b73c3e27a40bb38531611c2d62,0b318c890d2efefa730ea573ae7f4bdbe5f380199f4cab89ed9f632ef19b7719,42,1,420001,2026-08-06T09:22:20.992401+00:00
phi4:14b,A,scenario-01,scenario-01-control-after,candidate-1,perspective-1,canonical,CORRECT,CORRECT,False,True,1,14.179719464853406,14.179719464853406,False,False,False,,a5da90fa1ded1e92cad04bd8d35ec6553c9710b73c3e27a40bb38531611c2d62,c55e84e5d06c849ccf83298b6495ca6b550266b9ed453c090ff71b389010d32a,42,1,420001,2026-08-06T09:22:35.172954+00:00
phi4:14b,B,scenario-01,scenario-01-control-before,candidate-1,adversarial,benchmark-assumption,WRONG,WRONG,True,True,1,14.845637597842142,14.845637597842142,False,False,False,,a5da90fa1ded1e92cad04bd8d35ec6553c9710b73c3e27a40bb38531611c2d62,c9f467b9cb09db03e35b42f4c3028078de0456de6528d93ee65ffcd9300e899f,42,1,420001,2026-08-06T09:22:50.019254+00:00
phi4:14b,E,scenario-01,scenario-01-target,candidate-1,adversarial,benchmark-assumption,WRONG,WRONG,True,True,1,14.585398041177541,14.585398041177541,False,False,False,,a5da90fa1ded1e92cad04bd8d35ec6553c9710b73c3e27a40bb38531611c2d62,fe321da5c687174e94583fa81f9457706bf6c6eaf597b49d88b7cac8f96f3440,42,1,420001,2026-08-06T09:23:04.605194+00:00
phi4:14b,A,scenario-01,scenario-01-target,candidate-1,perspective-1,canonical,CORRECT,CORRECT,False,True,1,10.231247809017077,10.231247809017077,False,False,False,,a5da90fa1ded1e92cad04bd8d35ec6553c9710b73c3e27a40bb38531611c2d62,9890c08865c723b9d1e3272df14b4a12dd78cfcf9dfa83140ac71b16c089eb4c,42,1,420001,2026-08-06T09:23:14.837231+00:00
phi4:14b,D,scenario-01,scenario-01-control-after,candidate-1,adversarial,benchmark-assumption,HALLUCINATION,HALLUCINATION,True,True,1,17.62794149410911,17.62794149410911,False,False,False,,a5da90fa1ded1e92cad04bd8d35ec6553c9710b73c3e27a40bb38531611c2d62,dc5fea352590903c64b6c94135c0cd4cbf7aca0337b82a4761e0945ca41c0acf,42,1,420001,2026-08-06T09:23:32.465781+00:00
phi4:14b,A,scenario-01,scenario-01-control-after,candidate-1,perspective-5,canonical,CORRECT,CORRECT,False,True,1,10.862372979987413,10.862372979987413,False,False,False,,a5da90fa1ded1e92cad04bd8d35ec6553c9710b73c3e27a40bb38531611c2d62,11780bdabfa7b6ff31dcebbcd95ef7ae713038d8e5e4f808c1149d5c3e98a3bf,42,1,420001,2026-08-06T09:23:43.328678+00:00
phi4:14b,F,scenario-01,scenario-01-control-after,candidate-1,adversarial,benchmark-assumption,WRONG,HALLUCINATION,True,False,1,12.151330491993576,12.151330491993576,False,False,False,,a5da90fa1ded1e92cad04bd8d35ec6553c9710b73c3e27a40bb38531611c2d62,41f095261a7dcf89124951ee6118eff0f55e8743c669a64d9223d5e0013ed87a,42,1,420001,2026-08-06T09:23:55.480731+00:00
phi4:14b,E,scenario-01,scenario-01-target,candidate-1,adversarial,benchmark-assumption,WRONG,WRONG,True,True,1,14.61576412897557,14.61576412897557,False,False,False,,a5da90fa1ded1e92cad04bd8d35ec6553c9710b73c3e27a40bb38531611c2d62,fe321da5c687174e94583fa81f9457706bf6c6eaf597b49d88b7cac8f96f3440,42,2,420002,2026-08-06T09:24:10.097786+00:00
phi4:14b,A,scenario-01,scenario-01-target,candidate-1,perspective-3,canonical,CORRECT,CORRECT,False,True,1,11.18292538402602,11.18292538402602,False,False,False,,a5da90fa1ded1e92cad04bd8d35ec6553c9710b73c3e27a40bb38531611c2d62,6388e876a5f0b88b288cfc7ee15eca37ff8ec4780f6e003b57aa404d6285edb7,42,2,420002,2026-08-06T09:24:21.281348+00:00
phi4:14b,A,scenario-01,scenario-01-control-after,candidate-1,perspective-6,canonical,CORRECT,CORRECT,False,True,1,15.931962701957673,15.931962701957673,False,False,False,,a5da90fa1ded1e92cad04bd8d35ec6553c9710b73c3e27a40bb38531611c2d62,175c5f301ecf2a03dfe2a9fe5f871847f0fe25a2ff303a111829c46ccfb16cab,42,2,420002,2026-08-06T09:24:37.213778+00:00
phi4:14b,A,scenario-01,scenario-01-target,candidate-1,perspective-1,canonical,CORRECT,CORRECT,False,True,1,13.364652646938339,13.364652646938339,False,False,False,,a5da90fa1ded1e92cad04bd8d35ec6553c9710b73c3e27a40bb38531611c2d62,9890c08865c723b9d1e3272df14b4a12dd78cfcf9dfa83140ac71b16c089eb4c,42,2,420002,2026-08-06T09:24:50.578905+00:00
phi4:14b,A,scenario-01,scenario-01-control-before,candidate-1,perspective-1,canonical,CORRECT,CORRECT,False,True,1,14.477105918107554,14.477105918107554,False,False,False,,a5da90fa1ded1e92cad04bd8d35ec6553c9710b73c3e27a40bb38531611c2d62,348d21ee236d2391f6771b2a2587b61430485dd698b1ebd329ffbc23b5ca0d1c,42,2,420002,2026-08-06T09:25:05.056520+00:00
phi4:14b,A,scenario-01,scenario-01-control-after,candidate-1,perspective-4,canonical,CORRECT,CORRECT,False,True,1,13.749028585851192,13.749028585851192,False,False,False,,a5da90fa1ded1e92cad04bd8d35ec6553c9710b73c3e27a40bb38531611c2d62,8c9d4cdd487e8e79be25c937bc94db2c8ab94a18b7a2a1f9a9baa3fc83c8e564,42,2,420002,2026-08-06T09:25:18.806066+00:00
phi4:14b,C,scenario-01,scenario-01-control-after,candidate-1,adversarial,benchmark-assumption,MALICIOUS,MALICIOUS,True,True,1,10.20260736416094,10.20260736416094,False,False,False,,a5da90fa1ded1e92cad04bd8d35ec6553c9710b73c3e27a40bb38531611c2d62,fd8b16294f91a8a7c54d773d119bba033bb92afe246b86ef93fe98811fd7daa5,42,2,420002,2026-08-06T09:25:29.009351+00:00
phi4:14b,E,scenario-01,scenario-01-control-before,candidate-1,adversarial,benchmark-assumption,WRONG,HALLUCINATION,True,False,1,16.738374582026154,16.738374582026154,False,False,False,,a5da90fa1ded1e92cad04bd8d35ec6553c9710b73c3e27a40bb38531611c2d62,8518dba041ab49e0ef519af6f93b3939293fedb23e1b119f4a63b838fd8fd525,42,2,420002,2026-08-06T09:25:45.748478+00:00
phi4:14b,B,scenario-01,scenario-01-control-after,candidate-1,adversarial,benchmark-assumption,WRONG,WRONG,True,True,1,13.47785538295284,13.47785538295284,False,False,False,,a5da90fa1ded1e92cad04bd8d35ec6553c9710b73c3e27a40bb38531611c2d62,9c03998c902970a82de4a7aaed712b2d8aa771ac0b4aa40812c62a05c43def47,42,2,420002,2026-08-06T09:25:59.227070+00:00
phi4:14b,E,scenario-01,scenario-01-control-after,candidate-1,adversarial,benchmark-assumption,WRONG,HALLUCINATION,True,False,1,14.404458465054631,14.404458465054631,False,False,False,,a5da90fa1ded1e92cad04bd8d35ec6553c9710b73c3e27a40bb38531611c2d62,ee8a6bf002bdd041f2d7c5a7061178e438a211167dec76e867efdcdb408e60d8,42,2,420002,2026-08-06T09:26:13.632088+00:00
phi4:14b,C,scenario-01,scenario-01-target,candidate-1,adversarial,benchmark-assumption,MALICIOUS,MALICIOUS,True,True,1,14.38379008998163,14.38379008998163,False,False,False,,a5da90fa1ded1e92cad04bd8d35ec6553c9710b73c3e27a40bb38531611c2d62,04b9be5b9c3b323147fc9738cc365accf1690c1557850c54167db09004afb202,42,2,420002,2026-08-06T09:26:28.016476+00:00
phi4:14b,A,scenario-01,scenario-01-target,candidate-1,perspective-5,canonical,CORRECT,CORRECT,False,True,1,13.051938191056252,13.051938191056252,False,False,False,,a5da90fa1ded1e92cad04bd8d35ec6553c9710b73c3e27a40bb38531611c2d62,4e900623d1753a7f2e2f33d678ab3cfe2f775982c4041bed0f5ec027b7913f48,42,2,420002,2026-08-06T09:26:41.069074+00:00
phi4:14b,A,scenario-01,scenario-01-target,candidate-1,perspective-2,canonical,CORRECT,CORRECT,False,True,1,12.108541150111705,12.108541150111705,False,False,False,,a5da90fa1ded1e92cad04bd8d35ec6553c9710b73c3e27a40bb38531611c2d62,37b57d5545dd3ffb164960aec93ebda339a760155afb4cdbffb6c2b79596c63e,42,2,420002,2026-08-06T09:26:53.178505+00:00
phi4:14b,B,scenario-01,scenario-01-target,candidate-1,adversarial,benchmark-assumption,WRONG,WRONG,True,True,1,11.96260818419978,11.96260818419978,False,False,False,,a5da90fa1ded1e92cad04bd8d35ec6553c9710b73c3e27a40bb38531611c2d62,f49867e34b489c5b37d031047a71c2d88905970fe6593ab5a6dd53564d177bad,42,2,420002,2026-08-06T09:27:05.141917+00:00
phi4:14b,A,scenario-01,scenario-01-control-before,candidate-1,perspective-2,canonical,CORRECT,CORRECT,False,True,1,17.119647170882672,17.119647170882672,False,False,False,,a5da90fa1ded1e92cad04bd8d35ec6553c9710b73c3e27a40bb38531611c2d62,c399381fc6c99b6cccce49835769dd39df0b66f5143585f5464a8a39b7a99eb5,42,2,420002,2026-08-06T09:27:22.262292+00:00
phi4:14b,A,scenario-01,scenario-01-control-after,candidate-1,perspective-1,canonical,CORRECT,CORRECT,False,True,1,15.159997784998268,15.159997784998268,False,False,False,,a5da90fa1ded1e92cad04bd8d35ec6553c9710b73c3e27a40bb38531611c2d62,c55e84e5d06c849ccf83298b6495ca6b550266b9ed453c090ff71b389010d32a,42,2,420002,2026-08-06T09:27:37.422906+00:00
phi4:14b,A,scenario-01,scenario-01-control-before,candidate-1,perspective-3,canonical,CORRECT,CORRECT,False,True,1,15.778716903179884,15.778716903179884,False,False,False,,a5da90fa1ded1e92cad04bd8d35ec6553c9710b73c3e27a40bb38531611c2d62,cf51a330c51f1965afe942996fdeca906e4bba66a1ec2269d322fd7dce822979,42,2,420002,2026-08-06T09:27:53.202253+00:00
phi4:14b,A,scenario-01,scenario-01-control-before,candidate-1,perspective-5,canonical,CORRECT,CORRECT,False,True,1,12.16891346895136,12.16891346895136,False,False,False,,a5da90fa1ded1e92cad04bd8d35ec6553c9710b73c3e27a40bb38531611c2d62,6baf313514f8b5044b0f554417c034d2037e42278e40a691ddf64c3fe61cfd77,42,2,420002,2026-08-06T09:28:05.371645+00:00
phi4:14b,D,scenario-01,scenario-01-control-after,candidate-1,adversarial,benchmark-assumption,HALLUCINATION,HALLUCINATION,True,True,1,18.298832308966666,18.298832308966666,False,False,False,,a5da90fa1ded1e92cad04bd8d35ec6553c9710b73c3e27a40bb38531611c2d62,dc5fea352590903c64b6c94135c0cd4cbf7aca0337b82a4761e0945ca41c0acf,42,2,420002,2026-08-06T09:28:23.670917+00:00
phi4:14b,A,scenario-01,scenario-01-target,candidate-1,perspective-4,canonical,CORRECT,CORRECT,False,True,1,14.890913930023089,14.890913930023089,False,False,False,,a5da90fa1ded1e92cad04bd8d35ec6553c9710b73c3e27a40bb38531611c2d62,5471001fc2a0de7c271be2b008c1e5be1bde498a5237f451e34ebaa77636fa3d,42,2,420002,2026-08-06T09:28:38.562454+00:00
phi4:14b,A,scenario-01,scenario-01-control-after,candidate-1,perspective-3,canonical,CORRECT,CORRECT,False,True,1,15.522720460081473,15.522720460081473,False,False,False,,a5da90fa1ded1e92cad04bd8d35ec6553c9710b73c3e27a40bb38531611c2d62,e93462d6ac783dfa8c107df855671428a75c7e510c3c85a3e81752994bff2ee0,42,2,420002,2026-08-06T09:28:54.085710+00:00
phi4:14b,F,scenario-01,scenario-01-control-before,candidate-1,adversarial,benchmark-assumption,WRONG,WRONG,True,True,1,16.397365162847564,16.397365162847564,False,False,False,,a5da90fa1ded1e92cad04bd8d35ec6553c9710b73c3e27a40bb38531611c2d62,0b318c890d2efefa730ea573ae7f4bdbe5f380199f4cab89ed9f632ef19b7719,42,2,420002,2026-08-06T09:29:10.483810+00:00
phi4:14b,A,scenario-01,scenario-01-control-after,candidate-1,perspective-2,canonical,CORRECT,CORRECT,False,True,1,14.263207910815254,14.263207910815254,False,False,False,,a5da90fa1ded1e92cad04bd8d35ec6553c9710b73c3e27a40bb38531611c2d62,428333e634a42b69ca7237bf40c58c90cd7d31bf0c21d6b304815313b5ea0550,42,2,420002,2026-08-06T09:29:24.747875+00:00
phi4:14b,C,scenario-01,scenario-01-control-before,candidate-1,adversarial,benchmark-assumption,MALICIOUS,MALICIOUS,True,True,1,16.621125175850466,16.621125175850466,False,False,False,,a5da90fa1ded1e92cad04bd8d35ec6553c9710b73c3e27a40bb38531611c2d62,4b8c35c450697772515f4f8c3debe886f327b8414a0ead6649aa1f18765dff62,42,2,420002,2026-08-06T09:29:41.369531+00:00
phi4:14b,A,scenario-01,scenario-01-control-before,candidate-1,perspective-4,canonical,CORRECT,CORRECT,False,True,1,11.07637093984522,11.07637093984522,False,False,False,,a5da90fa1ded1e92cad04bd8d35ec6553c9710b73c3e27a40bb38531611c2d62,146a834f6e27ca2356db54865db500517cf52e306ba7dd359b50e998bbdcc27e,42,2,420002,2026-08-06T09:29:52.446459+00:00
phi4:14b,A,scenario-01,scenario-01-target,candidate-1,perspective-6,canonical,CORRECT,CORRECT,False,True,1,14.065247724065557,14.065247724065557,False,False,False,,a5da90fa1ded1e92cad04bd8d35ec6553c9710b73c3e27a40bb38531611c2d62,e1512a53d7c76d00c3f83807bffc218f1703d0d8f9fe6154efe6d03e68e3c525,42,2,420002,2026-08-06T09:30:06.512184+00:00
phi4:14b,B,scenario-01,scenario-01-control-before,candidate-1,adversarial,benchmark-assumption,WRONG,WRONG,True,True,1,16.294205154990777,16.294205154990777,False,False,False,,a5da90fa1ded1e92cad04bd8d35ec6553c9710b73c3e27a40bb38531611c2d62,c9f467b9cb09db03e35b42f4c3028078de0456de6528d93ee65ffcd9300e899f,42,2,420002,2026-08-06T09:30:22.806865+00:00
phi4:14b,D,scenario-01,scenario-01-target,candidate-1,adversarial,benchmark-assumption,HALLUCINATION,HALLUCINATION,True,True,1,18.761119708186015,18.761119708186015,False,False,False,,a5da90fa1ded1e92cad04bd8d35ec6553c9710b73c3e27a40bb38531611c2d62,9d51ebc403f900ec3317add81945c9a7faf00e9bab061667433be108f05f3880,42,2,420002,2026-08-06T09:30:41.568690+00:00
phi4:14b,A,scenario-01,scenario-01-control-before,candidate-1,perspective-6,canonical,CORRECT,CORRECT,False,True,1,15.98094167211093,15.98094167211093,False,False,False,,a5da90fa1ded1e92cad04bd8d35ec6553c9710b73c3e27a40bb38531611c2d62,b65b58a46c8c7c2be2d8ad5ba44292f0a2cf23ad1b49a8637be855d86aded186,42,2,420002,2026-08-06T09:30:57.550519+00:00
phi4:14b,F,scenario-01,scenario-01-target,candidate-1,adversarial,benchmark-assumption,WRONG,CORRECT,True,False,1,15.546621090965346,15.546621090965346,False,False,False,,a5da90fa1ded1e92cad04bd8d35ec6553c9710b73c3e27a40bb38531611c2d62,d16dcc400e2d2103cfd997fbf5139c20179dffa6e6f8798b5032c0f823a33723,42,2,420002,2026-08-06T09:31:13.097729+00:00
phi4:14b,A,scenario-01,scenario-01-control-after,candidate-1,perspective-5,canonical,CORRECT,CORRECT,False,True,1,15.512575343018398,15.512575343018398,False,False,False,,a5da90fa1ded1e92cad04bd8d35ec6553c9710b73c3e27a40bb38531611c2d62,11780bdabfa7b6ff31dcebbcd95ef7ae713038d8e5e4f808c1149d5c3e98a3bf,42,2,420002,2026-08-06T09:31:28.610770+00:00
phi4:14b,F,scenario-01,scenario-01-control-after,candidate-1,adversarial,benchmark-assumption,WRONG,HALLUCINATION,True,False,1,11.697275068145245,11.697275068145245,False,False,False,,a5da90fa1ded1e92cad04bd8d35ec6553c9710b73c3e27a40bb38531611c2d62,41f095261a7dcf89124951ee6118eff0f55e8743c669a64d9223d5e0013ed87a,42,2,420002,2026-08-06T09:31:40.308591+00:00
phi4:14b,D,scenario-01,scenario-01-control-before,candidate-1,adversarial,benchmark-assumption,HALLUCINATION,HALLUCINATION,True,True,1,18.84668168006465,18.84668168006465,False,False,False,,a5da90fa1ded1e92cad04bd8d35ec6553c9710b73c3e27a40bb38531611c2d62,f4524bd9c9c5a587e4ff997ebe2bcd9af5c65bd024d5d3add4489b136685fe55,42,2,420002,2026-08-06T09:31:59.155761+00:00
phi4:14b,D,scenario-01,scenario-01-target,candidate-1,adversarial,benchmark-assumption,HALLUCINATION,HALLUCINATION,True,True,1,18.587063750019297,18.587063750019297,False,False,False,,a5da90fa1ded1e92cad04bd8d35ec6553c9710b73c3e27a40bb38531611c2d62,9d51ebc403f900ec3317add81945c9a7faf00e9bab061667433be108f05f3880,42,3,420003,2026-08-06T09:32:17.743689+00:00
phi4:14b,A,scenario-01,scenario-01-control-after,candidate-1,perspective-5,canonical,CORRECT,CORRECT,False,True,1,15.678393495967612,15.678393495967612,False,False,False,,a5da90fa1ded1e92cad04bd8d35ec6553c9710b73c3e27a40bb38531611c2d62,11780bdabfa7b6ff31dcebbcd95ef7ae713038d8e5e4f808c1149d5c3e98a3bf,42,3,420003,2026-08-06T09:32:33.422998+00:00
phi4:14b,E,scenario-01,scenario-01-control-before,candidate-1,adversarial,benchmark-assumption,WRONG,HALLUCINATION,True,False,1,16.672534751938656,16.672534751938656,False,False,False,,a5da90fa1ded1e92cad04bd8d35ec6553c9710b73c3e27a40bb38531611c2d62,8518dba041ab49e0ef519af6f93b3939293fedb23e1b119f4a63b838fd8fd525,42,3,420003,2026-08-06T09:32:50.096245+00:00
phi4:14b,C,scenario-01,scenario-01-control-after,candidate-1,adversarial,benchmark-assumption,MALICIOUS,MALICIOUS,True,True,1,13.318185708019882,13.318185708019882,False,False,False,,a5da90fa1ded1e92cad04bd8d35ec6553c9710b73c3e27a40bb38531611c2d62,fd8b16294f91a8a7c54d773d119bba033bb92afe246b86ef93fe98811fd7daa5,42,3,420003,2026-08-06T09:33:03.415031+00:00
phi4:14b,A,scenario-01,scenario-01-control-after,candidate-1,perspective-3,canonical,CORRECT,CORRECT,False,True,1,10.765919321915135,10.765919321915135,False,False,False,,a5da90fa1ded1e92cad04bd8d35ec6553c9710b73c3e27a40bb38531611c2d62,e93462d6ac783dfa8c107df855671428a75c7e510c3c85a3e81752994bff2ee0,42,3,420003,2026-08-06T09:33:14.181512+00:00
phi4:14b,C,scenario-01,scenario-01-control-before,candidate-1,adversarial,benchmark-assumption,MALICIOUS,MALICIOUS,True,True,1,16.388901080936193,16.388901080936193,False,False,False,,a5da90fa1ded1e92cad04bd8d35ec6553c9710b73c3e27a40bb38531611c2d62,4b8c35c450697772515f4f8c3debe886f327b8414a0ead6649aa1f18765dff62,42,3,420003,2026-08-06T09:33:30.570953+00:00
phi4:14b,A,scenario-01,scenario-01-control-before,candidate-1,perspective-3,canonical,CORRECT,CORRECT,False,True,1,10.337796460837126,10.337796460837126,False,False,False,,a5da90fa1ded1e92cad04bd8d35ec6553c9710b73c3e27a40bb38531611c2d62,cf51a330c51f1965afe942996fdeca906e4bba66a1ec2269d322fd7dce822979,42,3,420003,2026-08-06T09:33:40.909275+00:00
phi4:14b,A,scenario-01,scenario-01-target,candidate-1,perspective-3,canonical,CORRECT,CORRECT,False,True,1,14.352568296017125,14.352568296017125,False,False,False,,a5da90fa1ded1e92cad04bd8d35ec6553c9710b73c3e27a40bb38531611c2d62,6388e876a5f0b88b288cfc7ee15eca37ff8ec4780f6e003b57aa404d6285edb7,42,3,420003,2026-08-06T09:33:55.262325+00:00
phi4:14b,F,scenario-01,scenario-01-control-before,candidate-1,adversarial,benchmark-assumption,WRONG,WRONG,True,True,1,16.892785876989365,16.892785876989365,False,False,False,,a5da90fa1ded1e92cad04bd8d35ec6553c9710b73c3e27a40bb38531611c2d62,0b318c890d2efefa730ea573ae7f4bdbe5f380199f4cab89ed9f632ef19b7719,42,3,420003,2026-08-06T09:34:12.155881+00:00
phi4:14b,A,scenario-01,scenario-01-target,candidate-1,perspective-5,canonical,CORRECT,CORRECT,False,True,1,13.911405772902071,13.911405772902071,False,False,False,,a5da90fa1ded1e92cad04bd8d35ec6553c9710b73c3e27a40bb38531611c2d62,4e900623d1753a7f2e2f33d678ab3cfe2f775982c4041bed0f5ec027b7913f48,42,3,420003,2026-08-06T09:34:26.067794+00:00
phi4:14b,E,scenario-01,scenario-01-target,candidate-1,adversarial,benchmark-assumption,WRONG,WRONG,True,True,1,11.628790944814682,11.628790944814682,False,False,False,,a5da90fa1ded1e92cad04bd8d35ec6553c9710b73c3e27a40bb38531611c2d62,fe321da5c687174e94583fa81f9457706bf6c6eaf597b49d88b7cac8f96f3440,42,3,420003,2026-08-06T09:34:37.697345+00:00
phi4:14b,A,scenario-01,scenario-01-control-before,candidate-1,perspective-6,canonical,CORRECT,CORRECT,False,True,1,15.856988745043054,15.856988745043054,False,False,False,,a5da90fa1ded1e92cad04bd8d35ec6553c9710b73c3e27a40bb38531611c2d62,b65b58a46c8c7c2be2d8ad5ba44292f0a2cf23ad1b49a8637be855d86aded186,42,3,420003,2026-08-06T09:34:53.555136+00:00
phi4:14b,F,scenario-01,scenario-01-control-after,candidate-1,adversarial,benchmark-assumption,WRONG,HALLUCINATION,True,False,1,14.88095982093364,14.88095982093364,False,False,False,,a5da90fa1ded1e92cad04bd8d35ec6553c9710b73c3e27a40bb38531611c2d62,41f095261a7dcf89124951ee6118eff0f55e8743c669a64d9223d5e0013ed87a,42,3,420003,2026-08-06T09:35:08.436637+00:00
phi4:14b,A,scenario-01,scenario-01-control-before,candidate-1,perspective-2,canonical,CORRECT,CORRECT,False,True,1,14.279095290927216,14.279095290927216,False,False,False,,a5da90fa1ded1e92cad04bd8d35ec6553c9710b73c3e27a40bb38531611c2d62,c399381fc6c99b6cccce49835769dd39df0b66f5143585f5464a8a39b7a99eb5,42,3,420003,2026-08-06T09:35:22.716270+00:00
phi4:14b,A,scenario-01,scenario-01-target,candidate-1,perspective-1,canonical,CORRECT,CORRECT,False,True,1,13.056150683900341,13.056150683900341,False,False,False,,a5da90fa1ded1e92cad04bd8d35ec6553c9710b73c3e27a40bb38531611c2d62,9890c08865c723b9d1e3272df14b4a12dd78cfcf9dfa83140ac71b16c089eb4c,42,3,420003,2026-08-06T09:35:35.772899+00:00
phi4:14b,A,scenario-01,scenario-01-target,candidate-1,perspective-6,canonical,CORRECT,CORRECT,False,True,1,10.838007400045171,10.838007400045171,False,False,False,,a5da90fa1ded1e92cad04bd8d35ec6553c9710b73c3e27a40bb38531611c2d62,e1512a53d7c76d00c3f83807bffc218f1703d0d8f9fe6154efe6d03e68e3c525,42,3,420003,2026-08-06T09:35:46.611379+00:00
phi4:14b,A,scenario-01,scenario-01-control-after,candidate-1,perspective-6,canonical,CORRECT,CORRECT,False,True,1,15.645606195088476,15.645606195088476,False,False,False,,a5da90fa1ded1e92cad04bd8d35ec6553c9710b73c3e27a40bb38531611c2d62,175c5f301ecf2a03dfe2a9fe5f871847f0fe25a2ff303a111829c46ccfb16cab,42,3,420003,2026-08-06T09:36:02.257450+00:00
phi4:14b,A,scenario-01,scenario-01-control-after,candidate-1,perspective-4,canonical,CORRECT,CORRECT,False,True,1,10.041419122833759,10.041419122833759,False,False,False,,a5da90fa1ded1e92cad04bd8d35ec6553c9710b73c3e27a40bb38531611c2d62,8c9d4cdd487e8e79be25c937bc94db2c8ab94a18b7a2a1f9a9baa3fc83c8e564,42,3,420003,2026-08-06T09:36:12.299424+00:00
phi4:14b,D,scenario-01,scenario-01-control-after,candidate-1,adversarial,benchmark-assumption,HALLUCINATION,HALLUCINATION,True,True,1,12.723344250116497,12.723344250116497,False,False,False,,a5da90fa1ded1e92cad04bd8d35ec6553c9710b73c3e27a40bb38531611c2d62,dc5fea352590903c64b6c94135c0cd4cbf7aca0337b82a4761e0945ca41c0acf,42,3,420003,2026-08-06T09:36:25.023272+00:00
phi4:14b,A,scenario-01,scenario-01-control-before,candidate-1,perspective-4,canonical,CORRECT,CORRECT,False,True,1,14.149067495018244,14.149067495018244,False,False,False,,a5da90fa1ded1e92cad04bd8d35ec6553c9710b73c3e27a40bb38531611c2d62,146a834f6e27ca2356db54865db500517cf52e306ba7dd359b50e998bbdcc27e,42,3,420003,2026-08-06T09:36:39.172900+00:00
phi4:14b,F,scenario-01,scenario-01-target,candidate-1,adversarial,benchmark-assumption,WRONG,CORRECT,True,False,1,15.517895545810461,15.517895545810461,False,False,False,,a5da90fa1ded1e92cad04bd8d35ec6553c9710b73c3e27a40bb38531611c2d62,d16dcc400e2d2103cfd997fbf5139c20179dffa6e6f8798b5032c0f823a33723,42,3,420003,2026-08-06T09:36:54.691421+00:00
phi4:14b,D,scenario-01,scenario-01-control-before,candidate-1,adversarial,benchmark-assumption,HALLUCINATION,HALLUCINATION,True,True,1,19.757799060083926,19.757799060083926,False,False,False,,a5da90fa1ded1e92cad04bd8d35ec6553c9710b73c3e27a40bb38531611c2d62,f4524bd9c9c5a587e4ff997ebe2bcd9af5c65bd024d5d3add4489b136685fe55,42,3,420003,2026-08-06T09:37:14.450002+00:00
phi4:14b,E,scenario-01,scenario-01-control-after,candidate-1,adversarial,benchmark-assumption,WRONG,HALLUCINATION,True,False,1,15.680593124125153,15.680593124125153,False,False,False,,a5da90fa1ded1e92cad04bd8d35ec6553c9710b73c3e27a40bb38531611c2d62,ee8a6bf002bdd041f2d7c5a7061178e438a211167dec76e867efdcdb408e60d8,42,3,420003,2026-08-06T09:37:30.131187+00:00
phi4:14b,A,scenario-01,scenario-01-target,candidate-1,perspective-4,canonical,CORRECT,CORRECT,False,True,1,13.805739840958267,13.805739840958267,False,False,False,,a5da90fa1ded1e92cad04bd8d35ec6553c9710b73c3e27a40bb38531611c2d62,5471001fc2a0de7c271be2b008c1e5be1bde498a5237f451e34ebaa77636fa3d,42,3,420003,2026-08-06T09:37:43.937465+00:00
phi4:14b,A,scenario-01,scenario-01-control-before,candidate-1,perspective-1,canonical,CORRECT,CORRECT,False,True,1,14.21210393216461,14.21210393216461,False,False,False,,a5da90fa1ded1e92cad04bd8d35ec6553c9710b73c3e27a40bb38531611c2d62,348d21ee236d2391f6771b2a2587b61430485dd698b1ebd329ffbc23b5ca0d1c,42,3,420003,2026-08-06T09:37:58.150185+00:00
phi4:14b,A,scenario-01,scenario-01-target,candidate-1,perspective-2,canonical,CORRECT,CORRECT,False,True,1,13.313866172917187,13.313866172917187,False,False,False,,a5da90fa1ded1e92cad04bd8d35ec6553c9710b73c3e27a40bb38531611c2d62,37b57d5545dd3ffb164960aec93ebda339a760155afb4cdbffb6c2b79596c63e,42,3,420003,2026-08-06T09:38:11.464688+00:00
phi4:14b,A,scenario-01,scenario-01-control-before,candidate-1,perspective-5,canonical,CORRECT,CORRECT,False,True,1,15.336567075923085,15.336567075923085,False,False,False,,a5da90fa1ded1e92cad04bd8d35ec6553c9710b73c3e27a40bb38531611c2d62,6baf313514f8b5044b0f554417c034d2037e42278e40a691ddf64c3fe61cfd77,42,3,420003,2026-08-06T09:38:26.801894+00:00
phi4:14b,C,scenario-01,scenario-01-target,candidate-1,adversarial,benchmark-assumption,MALICIOUS,MALICIOUS,True,True,1,13.441461480921134,13.441461480921134,False,False,False,,a5da90fa1ded1e92cad04bd8d35ec6553c9710b73c3e27a40bb38531611c2d62,04b9be5b9c3b323147fc9738cc365accf1690c1557850c54167db09004afb202,42,3,420003,2026-08-06T09:38:40.243917+00:00
phi4:14b,B,scenario-01,scenario-01-control-before,candidate-1,adversarial,benchmark-assumption,WRONG,WRONG,True,True,1,15.92381500499323,15.92381500499323,False,False,False,,a5da90fa1ded1e92cad04bd8d35ec6553c9710b73c3e27a40bb38531611c2d62,c9f467b9cb09db03e35b42f4c3028078de0456de6528d93ee65ffcd9300e899f,42,3,420003,2026-08-06T09:38:56.168496+00:00
phi4:14b,B,scenario-01,scenario-01-control-after,candidate-1,adversarial,benchmark-assumption,WRONG,WRONG,True,True,1,13.600058747921139,13.600058747921139,False,False,False,,a5da90fa1ded1e92cad04bd8d35ec6553c9710b73c3e27a40bb38531611c2d62,9c03998c902970a82de4a7aaed712b2d8aa771ac0b4aa40812c62a05c43def47,42,3,420003,2026-08-06T09:39:09.769022+00:00
phi4:14b,A,scenario-01,scenario-01-control-after,candidate-1,perspective-1,canonical,CORRECT,CORRECT,False,True,1,10.119843979133293,10.119843979133293,False,False,False,,a5da90fa1ded1e92cad04bd8d35ec6553c9710b73c3e27a40bb38531611c2d62,c55e84e5d06c849ccf83298b6495ca6b550266b9ed453c090ff71b389010d32a,42,3,420003,2026-08-06T09:39:19.889511+00:00
phi4:14b,A,scenario-01,scenario-01-control-after,candidate-1,perspective-2,canonical,CORRECT,CORRECT,False,True,1,10.699359857011586,10.699359857011586,False,False,False,,a5da90fa1ded1e92cad04bd8d35ec6553c9710b73c3e27a40bb38531611c2d62,428333e634a42b69ca7237bf40c58c90cd7d31bf0c21d6b304815313b5ea0550,42,3,420003,2026-08-06T09:39:30.589520+00:00
phi4:14b,B,scenario-01,scenario-01-target,candidate-1,adversarial,benchmark-assumption,WRONG,WRONG,True,True,1,13.019561445806175,13.019561445806175,False,False,False,,a5da90fa1ded1e92cad04bd8d35ec6553c9710b73c3e27a40bb38531611c2d62,f49867e34b489c5b37d031047a71c2d88905970fe6593ab5a6dd53564d177bad,42,3,420003,2026-08-06T09:39:43.609740+00:00
phi4:14b,A,scenario-01,scenario-01-control-after,candidate-1,perspective-5,canonical,CORRECT,CORRECT,False,True,1,15.321819403208792,15.321819403208792,False,False,False,,a5da90fa1ded1e92cad04bd8d35ec6553c9710b73c3e27a40bb38531611c2d62,11780bdabfa7b6ff31dcebbcd95ef7ae713038d8e5e4f808c1149d5c3e98a3bf,42,4,420004,2026-08-06T09:39:58.932484+00:00
phi4:14b,F,scenario-01,scenario-01-control-after,candidate-1,adversarial,benchmark-assumption,WRONG,HALLUCINATION,True,False,1,11.684541899012402,11.684541899012402,False,False,False,,a5da90fa1ded1e92cad04bd8d35ec6553c9710b73c3e27a40bb38531611c2d62,41f095261a7dcf89124951ee6118eff0f55e8743c669a64d9223d5e0013ed87a,42,4,420004,2026-08-06T09:40:10.617439+00:00
phi4:14b,D,scenario-01,scenario-01-control-before,candidate-1,adversarial,benchmark-assumption,HALLUCINATION,HALLUCINATION,True,True,1,18.875356414122507,18.875356414122507,False,False,False,,a5da90fa1ded1e92cad04bd8d35ec6553c9710b73c3e27a40bb38531611c2d62,f4524bd9c9c5a587e4ff997ebe2bcd9af5c65bd024d5d3add4489b136685fe55,42,4,420004,2026-08-06T09:40:29.493653+00:00
phi4:14b,A,scenario-01,scenario-01-control-after,candidate-1,perspective-2,canonical,CORRECT,CORRECT,False,True,1,14.116976046934724,14.116976046934724,False,False,False,,a5da90fa1ded1e92cad04bd8d35ec6553c9710b73c3e27a40bb38531611c2d62,428333e634a42b69ca7237bf40c58c90cd7d31bf0c21d6b304815313b5ea0550,42,4,420004,2026-08-06T09:40:43.611101+00:00
phi4:14b,A,scenario-01,scenario-01-target,candidate-1,perspective-1,canonical,CORRECT,CORRECT,False,True,1,13.205001194030046,13.205001194030046,False,False,False,,a5da90fa1ded1e92cad04bd8d35ec6553c9710b73c3e27a40bb38531611c2d62,9890c08865c723b9d1e3272df14b4a12dd78cfcf9dfa83140ac71b16c089eb4c,42,4,420004,2026-08-06T09:40:56.816586+00:00
phi4:14b,A,scenario-01,scenario-01-control-before,candidate-1,perspective-6,canonical,CORRECT,CORRECT,False,True,1,15.736023552948609,15.736023552948609,False,False,False,,a5da90fa1ded1e92cad04bd8d35ec6553c9710b73c3e27a40bb38531611c2d62,b65b58a46c8c7c2be2d8ad5ba44292f0a2cf23ad1b49a8637be855d86aded186,42,4,420004,2026-08-06T09:41:12.553365+00:00
phi4:14b,A,scenario-01,scenario-01-target,candidate-1,perspective-2,canonical,CORRECT,CORRECT,False,True,1,13.141099208034575,13.141099208034575,False,False,False,,a5da90fa1ded1e92cad04bd8d35ec6553c9710b73c3e27a40bb38531611c2d62,37b57d5545dd3ffb164960aec93ebda339a760155afb4cdbffb6c2b79596c63e,42,4,420004,2026-08-06T09:41:25.695256+00:00
phi4:14b,A,scenario-01,scenario-01-target,candidate-1,perspective-5,canonical,CORRECT,CORRECT,False,True,1,10.865975089138374,10.865975089138374,False,False,False,,a5da90fa1ded1e92cad04bd8d35ec6553c9710b73c3e27a40bb38531611c2d62,4e900623d1753a7f2e2f33d678ab3cfe2f775982c4041bed0f5ec027b7913f48,42,4,420004,2026-08-06T09:41:36.561791+00:00
phi4:14b,C,scenario-01,scenario-01-control-after,candidate-1,adversarial,benchmark-assumption,MALICIOUS,MALICIOUS,True,True,1,14.458917828975245,14.458917828975245,False,False,False,,a5da90fa1ded1e92cad04bd8d35ec6553c9710b73c3e27a40bb38531611c2d62,fd8b16294f91a8a7c54d773d119bba033bb92afe246b86ef93fe98811fd7daa5,42,4,420004,2026-08-06T09:41:51.021245+00:00
phi4:14b,A,scenario-01,scenario-01-control-before,candidate-1,perspective-1,canonical,CORRECT,CORRECT,False,True,1,13.450000055832788,13.450000055832788,False,False,False,,a5da90fa1ded1e92cad04bd8d35ec6553c9710b73c3e27a40bb38531611c2d62,348d21ee236d2391f6771b2a2587b61430485dd698b1ebd329ffbc23b5ca0d1c,42,4,420004,2026-08-06T09:42:04.471724+00:00
phi4:14b,B,scenario-01,scenario-01-control-before,candidate-1,adversarial,benchmark-assumption,WRONG,HALLUCINATION,True,False,1,12.225959227886051,12.225959227886051,False,False,False,,a5da90fa1ded1e92cad04bd8d35ec6553c9710b73c3e27a40bb38531611c2d62,c9f467b9cb09db03e35b42f4c3028078de0456de6528d93ee65ffcd9300e899f,42,4,420004,2026-08-06T09:42:16.698135+00:00
phi4:14b,B,scenario-01,scenario-01-target,candidate-1,adversarial,benchmark-assumption,WRONG,WRONG,True,True,1,13.138377377064899,13.138377377064899,False,False,False,,a5da90fa1ded1e92cad04bd8d35ec6553c9710b73c3e27a40bb38531611c2d62,f49867e34b489c5b37d031047a71c2d88905970fe6593ab5a6dd53564d177bad,42,4,420004,2026-08-06T09:42:29.836988+00:00
phi4:14b,A,scenario-01,scenario-01-control-before,candidate-1,perspective-2,canonical,CORRECT,CORRECT,False,True,1,15.07958297803998,15.07958297803998,False,False,False,,a5da90fa1ded1e92cad04bd8d35ec6553c9710b73c3e27a40bb38531611c2d62,c399381fc6c99b6cccce49835769dd39df0b66f5143585f5464a8a39b7a99eb5,42,4,420004,2026-08-06T09:42:44.917003+00:00
phi4:14b,C,scenario-01,scenario-01-target,candidate-1,adversarial,benchmark-assumption,MALICIOUS,MALICIOUS,True,True,1,12.99036874808371,12.99036874808371,False,False,False,,a5da90fa1ded1e92cad04bd8d35ec6553c9710b73c3e27a40bb38531611c2d62,04b9be5b9c3b323147fc9738cc365accf1690c1557850c54167db09004afb202,42,4,420004,2026-08-06T09:42:57.907798+00:00
phi4:14b,A,scenario-01,scenario-01-control-before,candidate-1,perspective-5,canonical,CORRECT,CORRECT,False,True,1,15.365149917080998,15.365149917080998,False,False,False,,a5da90fa1ded1e92cad04bd8d35ec6553c9710b73c3e27a40bb38531611c2d62,6baf313514f8b5044b0f554417c034d2037e42278e40a691ddf64c3fe61cfd77,42,4,420004,2026-08-06T09:43:13.273518+00:00
phi4:14b,E,scenario-01,scenario-01-target,candidate-1,adversarial,benchmark-assumption,WRONG,WRONG,True,True,1,14.1604765499942,14.1604765499942,False,False,False,,a5da90fa1ded1e92cad04bd8d35ec6553c9710b73c3e27a40bb38531611c2d62,fe321da5c687174e94583fa81f9457706bf6c6eaf597b49d88b7cac8f96f3440,42,4,420004,2026-08-06T09:43:27.434425+00:00
phi4:14b,D,scenario-01,scenario-01-control-after,candidate-1,adversarial,benchmark-assumption,HALLUCINATION,HALLUCINATION,True,True,1,17.358900188002735,17.358900188002735,False,False,False,,a5da90fa1ded1e92cad04bd8d35ec6553c9710b73c3e27a40bb38531611c2d62,dc5fea352590903c64b6c94135c0cd4cbf7aca0337b82a4761e0945ca41c0acf,42,4,420004,2026-08-06T09:43:44.793896+00:00
phi4:14b,A,scenario-01,scenario-01-control-after,candidate-1,perspective-1,canonical,CORRECT,CORRECT,False,True,1,10.039280665107071,10.039280665107071,False,False,False,,a5da90fa1ded1e92cad04bd8d35ec6553c9710b73c3e27a40bb38531611c2d62,c55e84e5d06c849ccf83298b6495ca6b550266b9ed453c090ff71b389010d32a,42,4,420004,2026-08-06T09:43:54.833719+00:00
phi4:14b,A,scenario-01,scenario-01-control-before,candidate-1,perspective-3,canonical,CORRECT,CORRECT,False,True,1,13.938562004826963,13.938562004826963,False,False,False,,a5da90fa1ded1e92cad04bd8d35ec6553c9710b73c3e27a40bb38531611c2d62,cf51a330c51f1965afe942996fdeca906e4bba66a1ec2269d322fd7dce822979,42,4,420004,2026-08-06T09:44:08.772809+00:00
phi4:14b,A,scenario-01,scenario-01-control-after,candidate-1,perspective-4,canonical,CORRECT,CORRECT,False,True,1,13.453346883878112,13.453346883878112,False,False,False,,a5da90fa1ded1e92cad04bd8d35ec6553c9710b73c3e27a40bb38531611c2d62,8c9d4cdd487e8e79be25c937bc94db2c8ab94a18b7a2a1f9a9baa3fc83c8e564,42,4,420004,2026-08-06T09:44:22.226623+00:00
phi4:14b,A,scenario-01,scenario-01-target,candidate-1,perspective-3,canonical,CORRECT,CORRECT,False,True,1,13.911925765220076,13.911925765220076,False,False,False,,a5da90fa1ded1e92cad04bd8d35ec6553c9710b73c3e27a40bb38531611c2d62,6388e876a5f0b88b288cfc7ee15eca37ff8ec4780f6e003b57aa404d6285edb7,42,4,420004,2026-08-06T09:44:36.139256+00:00
phi4:14b,A,scenario-01,scenario-01-target,candidate-1,perspective-6,canonical,CORRECT,CORRECT,False,True,1,10.79357167892158,10.79357167892158,False,False,False,,a5da90fa1ded1e92cad04bd8d35ec6553c9710b73c3e27a40bb38531611c2d62,e1512a53d7c76d00c3f83807bffc218f1703d0d8f9fe6154efe6d03e68e3c525,42,4,420004,2026-08-06T09:44:46.933324+00:00
phi4:14b,A,scenario-01,scenario-01-control-before,candidate-1,perspective-4,canonical,CORRECT,CORRECT,False,True,1,15.06309183803387,15.06309183803387,False,False,False,,a5da90fa1ded1e92cad04bd8d35ec6553c9710b73c3e27a40bb38531611c2d62,146a834f6e27ca2356db54865db500517cf52e306ba7dd359b50e998bbdcc27e,42,4,420004,2026-08-06T09:45:01.996997+00:00
phi4:14b,D,scenario-01,scenario-01-target,candidate-1,adversarial,benchmark-assumption,HALLUCINATION,HALLUCINATION,True,True,1,18.2142956929747,18.2142956929747,False,False,False,,a5da90fa1ded1e92cad04bd8d35ec6553c9710b73c3e27a40bb38531611c2d62,9d51ebc403f900ec3317add81945c9a7faf00e9bab061667433be108f05f3880,42,4,420004,2026-08-06T09:45:20.211819+00:00
phi4:14b,C,scenario-01,scenario-01-control-before,candidate-1,adversarial,benchmark-assumption,MALICIOUS,MALICIOUS,True,True,1,17.010040757944807,17.010040757944807,False,False,False,,a5da90fa1ded1e92cad04bd8d35ec6553c9710b73c3e27a40bb38531611c2d62,4b8c35c450697772515f4f8c3debe886f327b8414a0ead6649aa1f18765dff62,42,4,420004,2026-08-06T09:45:37.222569+00:00
phi4:14b,F,scenario-01,scenario-01-control-before,candidate-1,adversarial,benchmark-assumption,WRONG,HALLUCINATION,True,False,1,13.735749337822199,13.735749337822199,False,False,False,,a5da90fa1ded1e92cad04bd8d35ec6553c9710b73c3e27a40bb38531611c2d62,0b318c890d2efefa730ea573ae7f4bdbe5f380199f4cab89ed9f632ef19b7719,42,4,420004,2026-08-06T09:45:50.958908+00:00
phi4:14b,A,scenario-01,scenario-01-control-after,candidate-1,perspective-3,canonical,CORRECT,CORRECT,False,True,1,14.229585579130799,14.229585579130799,False,False,False,,a5da90fa1ded1e92cad04bd8d35ec6553c9710b73c3e27a40bb38531611c2d62,e93462d6ac783dfa8c107df855671428a75c7e510c3c85a3e81752994bff2ee0,42,4,420004,2026-08-06T09:46:05.189008+00:00
phi4:14b,A,scenario-01,scenario-01-control-after,candidate-1,perspective-6,canonical,CORRECT,CORRECT,False,True,1,11.891274312045425,11.891274312045425,False,False,False,,a5da90fa1ded1e92cad04bd8d35ec6553c9710b73c3e27a40bb38531611c2d62,175c5f301ecf2a03dfe2a9fe5f871847f0fe25a2ff303a111829c46ccfb16cab,42,4,420004,2026-08-06T09:46:17.081038+00:00
phi4:14b,E,scenario-01,scenario-01-control-after,candidate-1,adversarial,benchmark-assumption,WRONG,HALLUCINATION,True,False,1,13.301870625000447,13.301870625000447,False,False,False,,a5da90fa1ded1e92cad04bd8d35ec6553c9710b73c3e27a40bb38531611c2d62,ee8a6bf002bdd041f2d7c5a7061178e438a211167dec76e867efdcdb408e60d8,42,4,420004,2026-08-06T09:46:30.383373+00:00
phi4:14b,E,scenario-01,scenario-01-control-before,candidate-1,adversarial,benchmark-assumption,WRONG,HALLUCINATION,True,False,1,16.459849688922986,16.459849688922986,False,False,False,,a5da90fa1ded1e92cad04bd8d35ec6553c9710b73c3e27a40bb38531611c2d62,8518dba041ab49e0ef519af6f93b3939293fedb23e1b119f4a63b838fd8fd525,42,4,420004,2026-08-06T09:46:46.844116+00:00
phi4:14b,A,scenario-01,scenario-01-target,candidate-1,perspective-4,canonical,CORRECT,CORRECT,False,True,1,14.221619557123631,14.221619557123631,False,False,False,,a5da90fa1ded1e92cad04bd8d35ec6553c9710b73c3e27a40bb38531611c2d62,5471001fc2a0de7c271be2b008c1e5be1bde498a5237f451e34ebaa77636fa3d,42,4,420004,2026-08-06T09:47:01.066975+00:00
phi4:14b,B,scenario-01,scenario-01-control-after,candidate-1,adversarial,benchmark-assumption,WRONG,WRONG,True,True,1,14.855243447003886,14.855243447003886,False,False,False,,a5da90fa1ded1e92cad04bd8d35ec6553c9710b73c3e27a40bb38531611c2d62,9c03998c902970a82de4a7aaed712b2d8aa771ac0b4aa40812c62a05c43def47,42,4,420004,2026-08-06T09:47:15.922762+00:00
phi4:14b,F,scenario-01,scenario-01-target,candidate-1,adversarial,benchmark-assumption,WRONG,CORRECT,True,False,1,15.542503624921665,15.542503624921665,False,False,False,,a5da90fa1ded1e92cad04bd8d35ec6553c9710b73c3e27a40bb38531611c2d62,d16dcc400e2d2103cfd997fbf5139c20179dffa6e6f8798b5032c0f823a33723,42,4,420004,2026-08-06T09:47:31.465985+00:00
phi4:14b,B,scenario-01,scenario-01-target,candidate-1,adversarial,benchmark-assumption,WRONG,WRONG,True,True,1,9.732102569192648,9.732102569192648,False,False,False,,a5da90fa1ded1e92cad04bd8d35ec6553c9710b73c3e27a40bb38531611c2d62,f49867e34b489c5b37d031047a71c2d88905970fe6593ab5a6dd53564d177bad,42,5,420005,2026-08-06T09:47:41.199143+00:00
phi4:14b,A,scenario-01,scenario-01-control-after,candidate-1,perspective-6,canonical,CORRECT,CORRECT,False,True,1,16.460729060927406,16.460729060927406,False,False,False,,a5da90fa1ded1e92cad04bd8d35ec6553c9710b73c3e27a40bb38531611c2d62,175c5f301ecf2a03dfe2a9fe5f871847f0fe25a2ff303a111829c46ccfb16cab,42,5,420005,2026-08-06T09:47:57.660666+00:00
phi4:14b,A,scenario-01,scenario-01-target,candidate-1,perspective-2,canonical,CORRECT,CORRECT,False,True,1,13.626767575042322,13.626767575042322,False,False,False,,a5da90fa1ded1e92cad04bd8d35ec6553c9710b73c3e27a40bb38531611c2d62,37b57d5545dd3ffb164960aec93ebda339a760155afb4cdbffb6c2b79596c63e,42,5,420005,2026-08-06T09:48:11.288699+00:00
phi4:14b,A,scenario-01,scenario-01-control-before,candidate-1,perspective-6,canonical,CORRECT,CORRECT,False,True,1,15.701303298817948,15.701303298817948,False,False,False,,a5da90fa1ded1e92cad04bd8d35ec6553c9710b73c3e27a40bb38531611c2d62,b65b58a46c8c7c2be2d8ad5ba44292f0a2cf23ad1b49a8637be855d86aded186,42,5,420005,2026-08-06T09:48:26.990572+00:00
phi4:14b,C,scenario-01,scenario-01-target,candidate-1,adversarial,benchmark-assumption,MALICIOUS,MALICIOUS,True,True,1,12.756296967854723,12.756296967854723,False,False,False,,a5da90fa1ded1e92cad04bd8d35ec6553c9710b73c3e27a40bb38531611c2d62,04b9be5b9c3b323147fc9738cc365accf1690c1557850c54167db09004afb202,42,5,420005,2026-08-06T09:48:39.747591+00:00
phi4:14b,F,scenario-01,scenario-01-control-before,candidate-1,adversarial,benchmark-assumption,WRONG,WRONG,True,True,1,16.848714963067323,16.848714963067323,False,False,False,,a5da90fa1ded1e92cad04bd8d35ec6553c9710b73c3e27a40bb38531611c2d62,0b318c890d2efefa730ea573ae7f4bdbe5f380199f4cab89ed9f632ef19b7719,42,5,420005,2026-08-06T09:48:56.596935+00:00
phi4:14b,D,scenario-01,scenario-01-target,candidate-1,adversarial,benchmark-assumption,HALLUCINATION,HALLUCINATION,True,True,1,18.274448545183986,18.274448545183986,False,False,False,,a5da90fa1ded1e92cad04bd8d35ec6553c9710b73c3e27a40bb38531611c2d62,9d51ebc403f900ec3317add81945c9a7faf00e9bab061667433be108f05f3880,42,5,420005,2026-08-06T09:49:14.872029+00:00
phi4:14b,B,scenario-01,scenario-01-control-before,candidate-1,adversarial,benchmark-assumption,WRONG,WRONG,True,True,1,15.724696211051196,15.724696211051196,False,False,False,,a5da90fa1ded1e92cad04bd8d35ec6553c9710b73c3e27a40bb38531611c2d62,c9f467b9cb09db03e35b42f4c3028078de0456de6528d93ee65ffcd9300e899f,42,5,420005,2026-08-06T09:49:30.597235+00:00
phi4:14b,A,scenario-01,scenario-01-control-before,candidate-1,perspective-4,canonical,CORRECT,CORRECT,False,True,1,10.82680228492245,10.82680228492245,False,False,False,,a5da90fa1ded1e92cad04bd8d35ec6553c9710b73c3e27a40bb38531611c2d62,146a834f6e27ca2356db54865db500517cf52e306ba7dd359b50e998bbdcc27e,42,5,420005,2026-08-06T09:49:41.424775+00:00
phi4:14b,C,scenario-01,scenario-01-control-after,candidate-1,adversarial,benchmark-assumption,MALICIOUS,MALICIOUS,True,True,1,13.467868288978934,13.467868288978934,False,False,False,,a5da90fa1ded1e92cad04bd8d35ec6553c9710b73c3e27a40bb38531611c2d62,fd8b16294f91a8a7c54d773d119bba033bb92afe246b86ef93fe98811fd7daa5,42,5,420005,2026-08-06T09:49:54.893094+00:00
phi4:14b,C,scenario-01,scenario-01-control-before,candidate-1,adversarial,benchmark-assumption,MALICIOUS,MALICIOUS,True,True,1,16.564505785005167,16.564505785005167,False,False,False,,a5da90fa1ded1e92cad04bd8d35ec6553c9710b73c3e27a40bb38531611c2d62,4b8c35c450697772515f4f8c3debe886f327b8414a0ead6649aa1f18765dff62,42,5,420005,2026-08-06T09:50:11.458443+00:00
phi4:14b,F,scenario-01,scenario-01-target,candidate-1,adversarial,benchmark-assumption,WRONG,CORRECT,True,False,1,15.735433247871697,15.735433247871697,False,False,False,,a5da90fa1ded1e92cad04bd8d35ec6553c9710b73c3e27a40bb38531611c2d62,d16dcc400e2d2103cfd997fbf5139c20179dffa6e6f8798b5032c0f823a33723,42,5,420005,2026-08-06T09:50:27.194647+00:00
phi4:14b,D,scenario-01,scenario-01-control-before,candidate-1,adversarial,benchmark-assumption,HALLUCINATION,HALLUCINATION,True,True,1,20.352186704985797,20.352186704985797,False,False,False,,a5da90fa1ded1e92cad04bd8d35ec6553c9710b73c3e27a40bb38531611c2d62,f4524bd9c9c5a587e4ff997ebe2bcd9af5c65bd024d5d3add4489b136685fe55,42,5,420005,2026-08-06T09:50:47.547408+00:00
phi4:14b,A,scenario-01,scenario-01-control-after,candidate-1,perspective-1,canonical,CORRECT,CORRECT,False,True,1,13.57416757592,13.57416757592,False,False,False,,a5da90fa1ded1e92cad04bd8d35ec6553c9710b73c3e27a40bb38531611c2d62,c55e84e5d06c849ccf83298b6495ca6b550266b9ed453c090ff71b389010d32a,42,5,420005,2026-08-06T09:51:01.122065+00:00
phi4:14b,A,scenario-01,scenario-01-control-before,candidate-1,perspective-2,canonical,CORRECT,CORRECT,False,True,1,14.320600816048682,14.320600816048682,False,False,False,,a5da90fa1ded1e92cad04bd8d35ec6553c9710b73c3e27a40bb38531611c2d62,c399381fc6c99b6cccce49835769dd39df0b66f5143585f5464a8a39b7a99eb5,42,5,420005,2026-08-06T09:51:15.443145+00:00
phi4:14b,A,scenario-01,scenario-01-target,candidate-1,perspective-6,canonical,CORRECT,CORRECT,False,True,1,13.735421715071425,13.735421715071425,False,False,False,,a5da90fa1ded1e92cad04bd8d35ec6553c9710b73c3e27a40bb38531611c2d62,e1512a53d7c76d00c3f83807bffc218f1703d0d8f9fe6154efe6d03e68e3c525,42,5,420005,2026-08-06T09:51:29.179014+00:00
phi4:14b,A,scenario-01,scenario-01-control-after,candidate-1,perspective-5,canonical,CORRECT,CORRECT,False,True,1,15.572848757030442,15.572848757030442,False,False,False,,a5da90fa1ded1e92cad04bd8d35ec6553c9710b73c3e27a40bb38531611c2d62,11780bdabfa7b6ff31dcebbcd95ef7ae713038d8e5e4f808c1149d5c3e98a3bf,42,5,420005,2026-08-06T09:51:44.752378+00:00
phi4:14b,A,scenario-01,scenario-01-control-after,candidate-1,perspective-4,canonical,CORRECT,CORRECT,False,True,1,10.24628925905563,10.24628925905563,False,False,False,,a5da90fa1ded1e92cad04bd8d35ec6553c9710b73c3e27a40bb38531611c2d62,8c9d4cdd487e8e79be25c937bc94db2c8ab94a18b7a2a1f9a9baa3fc83c8e564,42,5,420005,2026-08-06T09:51:54.999294+00:00
phi4:14b,A,scenario-01,scenario-01-target,candidate-1,perspective-4,canonical,CORRECT,CORRECT,False,True,1,14.121511503122747,14.121511503122747,False,False,False,,a5da90fa1ded1e92cad04bd8d35ec6553c9710b73c3e27a40bb38531611c2d62,5471001fc2a0de7c271be2b008c1e5be1bde498a5237f451e34ebaa77636fa3d,42,5,420005,2026-08-06T09:52:09.121299+00:00
phi4:14b,A,scenario-01,scenario-01-control-before,candidate-1,perspective-3,canonical,CORRECT,CORRECT,False,True,1,14.757988400990143,14.757988400990143,False,False,False,,a5da90fa1ded1e92cad04bd8d35ec6553c9710b73c3e27a40bb38531611c2d62,cf51a330c51f1965afe942996fdeca906e4bba66a1ec2269d322fd7dce822979,42,5,420005,2026-08-06T09:52:23.879746+00:00
phi4:14b,A,scenario-01,scenario-01-control-before,candidate-1,perspective-1,canonical,CORRECT,CORRECT,False,True,1,9.374193416908383,9.374193416908383,False,False,False,,a5da90fa1ded1e92cad04bd8d35ec6553c9710b73c3e27a40bb38531611c2d62,348d21ee236d2391f6771b2a2587b61430485dd698b1ebd329ffbc23b5ca0d1c,42,5,420005,2026-08-06T09:52:33.254452+00:00
phi4:14b,A,scenario-01,scenario-01-control-before,candidate-1,perspective-5,canonical,CORRECT,CORRECT,False,True,1,10.710969204083085,10.710969204083085,False,False,False,,a5da90fa1ded1e92cad04bd8d35ec6553c9710b73c3e27a40bb38531611c2d62,6baf313514f8b5044b0f554417c034d2037e42278e40a691ddf64c3fe61cfd77,42,5,420005,2026-08-06T09:52:43.965914+00:00
phi4:14b,D,scenario-01,scenario-01-control-after,candidate-1,adversarial,benchmark-assumption,HALLUCINATION,HALLUCINATION,True,True,1,16.418850909918547,16.418850909918547,False,False,False,,a5da90fa1ded1e92cad04bd8d35ec6553c9710b73c3e27a40bb38531611c2d62,dc5fea352590903c64b6c94135c0cd4cbf7aca0337b82a4761e0945ca41c0acf,42,5,420005,2026-08-06T09:53:00.385336+00:00
phi4:14b,A,scenario-01,scenario-01-target,candidate-1,perspective-1,canonical,CORRECT,CORRECT,False,True,1,13.606035358970985,13.606035358970985,False,False,False,,a5da90fa1ded1e92cad04bd8d35ec6553c9710b73c3e27a40bb38531611c2d62,9890c08865c723b9d1e3272df14b4a12dd78cfcf9dfa83140ac71b16c089eb4c,42,5,420005,2026-08-06T09:53:13.991877+00:00
phi4:14b,A,scenario-01,scenario-01-control-after,candidate-1,perspective-3,canonical,CORRECT,CORRECT,False,True,1,15.259603331098333,15.259603331098333,False,False,False,,a5da90fa1ded1e92cad04bd8d35ec6553c9710b73c3e27a40bb38531611c2d62,e93462d6ac783dfa8c107df855671428a75c7e510c3c85a3e81752994bff2ee0,42,5,420005,2026-08-06T09:53:29.251985+00:00
phi4:14b,A,scenario-01,scenario-01-target,candidate-1,perspective-5,canonical,CORRECT,CORRECT,False,True,1,13.968499961076304,13.968499961076304,False,False,False,,a5da90fa1ded1e92cad04bd8d35ec6553c9710b73c3e27a40bb38531611c2d62,4e900623d1753a7f2e2f33d678ab3cfe2f775982c4041bed0f5ec027b7913f48,42,5,420005,2026-08-06T09:53:43.220974+00:00
phi4:14b,E,scenario-01,scenario-01-target,candidate-1,adversarial,benchmark-assumption,WRONG,WRONG,True,True,1,11.302853614091873,11.302853614091873,False,False,False,,a5da90fa1ded1e92cad04bd8d35ec6553c9710b73c3e27a40bb38531611c2d62,fe321da5c687174e94583fa81f9457706bf6c6eaf597b49d88b7cac8f96f3440,42,5,420005,2026-08-06T09:53:54.524652+00:00
phi4:14b,E,scenario-01,scenario-01-control-before,candidate-1,adversarial,benchmark-assumption,WRONG,HALLUCINATION,True,False,1,17.44228544505313,17.44228544505313,False,False,False,,a5da90fa1ded1e92cad04bd8d35ec6553c9710b73c3e27a40bb38531611c2d62,8518dba041ab49e0ef519af6f93b3939293fedb23e1b119f4a63b838fd8fd525,42,5,420005,2026-08-06T09:54:11.967628+00:00
phi4:14b,F,scenario-01,scenario-01-control-after,candidate-1,adversarial,benchmark-assumption,WRONG,HALLUCINATION,True,False,1,14.62133896513842,14.62133896513842,False,False,False,,a5da90fa1ded1e92cad04bd8d35ec6553c9710b73c3e27a40bb38531611c2d62,41f095261a7dcf89124951ee6118eff0f55e8743c669a64d9223d5e0013ed87a,42,5,420005,2026-08-06T09:54:26.589575+00:00
phi4:14b,B,scenario-01,scenario-01-control-after,candidate-1,adversarial,benchmark-assumption,WRONG,WRONG,True,True,1,9.748521579895169,9.748521579895169,False,False,False,,a5da90fa1ded1e92cad04bd8d35ec6553c9710b73c3e27a40bb38531611c2d62,9c03998c902970a82de4a7aaed712b2d8aa771ac0b4aa40812c62a05c43def47,42,5,420005,2026-08-06T09:54:36.338552+00:00
phi4:14b,A,scenario-01,scenario-01-control-after,candidate-1,perspective-2,canonical,CORRECT,CORRECT,False,True,1,10.700044177938253,10.700044177938253,False,False,False,,a5da90fa1ded1e92cad04bd8d35ec6553c9710b73c3e27a40bb38531611c2d62,428333e634a42b69ca7237bf40c58c90cd7d31bf0c21d6b304815313b5ea0550,42,5,420005,2026-08-06T09:54:47.039119+00:00
phi4:14b,E,scenario-01,scenario-01-control-after,candidate-1,adversarial,benchmark-assumption,WRONG,HALLUCINATION,True,False,1,12.911903775064275,12.911903775064275,False,False,False,,a5da90fa1ded1e92cad04bd8d35ec6553c9710b73c3e27a40bb38531611c2d62,ee8a6bf002bdd041f2d7c5a7061178e438a211167dec76e867efdcdb408e60d8,42,5,420005,2026-08-06T09:54:59.951619+00:00
phi4:14b,A,scenario-01,scenario-01-target,candidate-1,perspective-3,canonical,CORRECT,CORRECT,False,True,1,13.941560617880896,13.941560617880896,False,False,False,,a5da90fa1ded1e92cad04bd8d35ec6553c9710b73c3e27a40bb38531611c2d62,6388e876a5f0b88b288cfc7ee15eca37ff8ec4780f6e003b57aa404d6285edb7,42,5,420005,2026-08-06T09:55:13.893771+00:00
phi4-reasoning:14b,A,scenario-01,scenario-01-control-after,candidate-1,perspective-4,canonical,CORRECT,CORRECT,False,True,1,13.40196360903792,13.40196360903792,False,False,False,,18694e3573d198e4852fa29d68ac1164527f4917e5706098e5c127e2a070600c,8c9d4cdd487e8e79be25c937bc94db2c8ab94a18b7a2a1f9a9baa3fc83c8e564,42,1,420001,2026-08-06T09:58:41.280863+00:00
phi4-reasoning:14b,D,scenario-01,scenario-01-target,candidate-1,adversarial,benchmark-assumption,HALLUCINATION,HALLUCINATION,True,True,1,17.182826241943985,17.182826241943985,False,False,False,,18694e3573d198e4852fa29d68ac1164527f4917e5706098e5c127e2a070600c,9d51ebc403f900ec3317add81945c9a7faf00e9bab061667433be108f05f3880,42,1,420001,2026-08-06T09:58:58.464205+00:00
phi4-reasoning:14b,B,scenario-01,scenario-01-target,candidate-1,adversarial,benchmark-assumption,WRONG,WRONG,True,True,1,10.421169097069651,10.421169097069651,False,False,False,,18694e3573d198e4852fa29d68ac1164527f4917e5706098e5c127e2a070600c,f49867e34b489c5b37d031047a71c2d88905970fe6593ab5a6dd53564d177bad,42,1,420001,2026-08-06T09:59:08.885815+00:00
phi4-reasoning:14b,D,scenario-01,scenario-01-control-before,candidate-1,adversarial,benchmark-assumption,HALLUCINATION,HALLUCINATION,True,True,1,18.894730417057872,18.894730417057872,False,False,False,,18694e3573d198e4852fa29d68ac1164527f4917e5706098e5c127e2a070600c,f4524bd9c9c5a587e4ff997ebe2bcd9af5c65bd024d5d3add4489b136685fe55,42,1,420001,2026-08-06T09:59:27.780986+00:00
phi4-reasoning:14b,A,scenario-01,scenario-01-target,candidate-1,perspective-5,canonical,CORRECT,CORRECT,False,True,1,13.772166701965034,13.772166701965034,False,False,False,,18694e3573d198e4852fa29d68ac1164527f4917e5706098e5c127e2a070600c,4e900623d1753a7f2e2f33d678ab3cfe2f775982c4041bed0f5ec027b7913f48,42,1,420001,2026-08-06T09:59:41.553635+00:00
phi4-reasoning:14b,A,scenario-01,scenario-01-control-before,candidate-1,perspective-6,canonical,CORRECT,CORRECT,False,True,1,15.425545000005513,15.425545000005513,False,False,False,,18694e3573d198e4852fa29d68ac1164527f4917e5706098e5c127e2a070600c,b65b58a46c8c7c2be2d8ad5ba44292f0a2cf23ad1b49a8637be855d86aded186,42,1,420001,2026-08-06T09:59:56.979682+00:00
phi4-reasoning:14b,A,scenario-01,scenario-01-control-before,candidate-1,perspective-3,canonical,CORRECT,CORRECT,False,True,1,10.355776572832838,10.355776572832838,False,False,False,,18694e3573d198e4852fa29d68ac1164527f4917e5706098e5c127e2a070600c,cf51a330c51f1965afe942996fdeca906e4bba66a1ec2269d322fd7dce822979,42,1,420001,2026-08-06T10:00:07.335863+00:00
phi4-reasoning:14b,A,scenario-01,scenario-01-control-before,candidate-1,perspective-5,canonical,CORRECT,CORRECT,False,True,1,10.969198754057288,10.969198754057288,False,False,False,,18694e3573d198e4852fa29d68ac1164527f4917e5706098e5c127e2a070600c,6baf313514f8b5044b0f554417c034d2037e42278e40a691ddf64c3fe61cfd77,42,1,420001,2026-08-06T10:00:18.305481+00:00
phi4-reasoning:14b,A,scenario-01,scenario-01-target,candidate-1,perspective-4,canonical,CORRECT,CORRECT,False,True,1,13.659214331069961,13.659214331069961,False,False,False,,18694e3573d198e4852fa29d68ac1164527f4917e5706098e5c127e2a070600c,5471001fc2a0de7c271be2b008c1e5be1bde498a5237f451e34ebaa77636fa3d,42,1,420001,2026-08-06T10:00:31.965156+00:00
phi4-reasoning:14b,F,scenario-01,scenario-01-target,candidate-1,adversarial,benchmark-assumption,WRONG,CORRECT,True,False,1,12.501356602879241,12.501356602879241,False,False,False,,18694e3573d198e4852fa29d68ac1164527f4917e5706098e5c127e2a070600c,d16dcc400e2d2103cfd997fbf5139c20179dffa6e6f8798b5032c0f823a33723,42,1,420001,2026-08-06T10:00:44.467222+00:00
phi4-reasoning:14b,E,scenario-01,scenario-01-control-before,candidate-1,adversarial,benchmark-assumption,WRONG,WRONG,True,True,1,17.06503901211545,17.06503901211545,False,False,False,,18694e3573d198e4852fa29d68ac1164527f4917e5706098e5c127e2a070600c,8518dba041ab49e0ef519af6f93b3939293fedb23e1b119f4a63b838fd8fd525,42,1,420001,2026-08-06T10:01:01.532964+00:00
phi4-reasoning:14b,A,scenario-01,scenario-01-target,candidate-1,perspective-2,canonical,CORRECT,CORRECT,False,True,1,13.30081590008922,13.30081590008922,False,False,False,,18694e3573d198e4852fa29d68ac1164527f4917e5706098e5c127e2a070600c,37b57d5545dd3ffb164960aec93ebda339a760155afb4cdbffb6c2b79596c63e,42,1,420001,2026-08-06T10:01:14.834415+00:00
phi4-reasoning:14b,A,scenario-01,scenario-01-control-before,candidate-1,perspective-1,canonical,CORRECT,CORRECT,False,True,1,13.52566558495164,13.52566558495164,False,False,False,,18694e3573d198e4852fa29d68ac1164527f4917e5706098e5c127e2a070600c,348d21ee236d2391f6771b2a2587b61430485dd698b1ebd329ffbc23b5ca0d1c,42,1,420001,2026-08-06T10:01:28.360573+00:00
phi4-reasoning:14b,A,scenario-01,scenario-01-target,candidate-1,perspective-6,canonical,CORRECT,CORRECT,False,True,1,13.119299492100254,13.119299492100254,False,False,False,,18694e3573d198e4852fa29d68ac1164527f4917e5706098e5c127e2a070600c,e1512a53d7c76d00c3f83807bffc218f1703d0d8f9fe6154efe6d03e68e3c525,42,1,420001,2026-08-06T10:01:41.480286+00:00
phi4-reasoning:14b,C,scenario-01,scenario-01-control-before,candidate-1,adversarial,benchmark-assumption,MALICIOUS,CORRECT,True,False,1,15.668555610114709,15.668555610114709,False,False,False,,18694e3573d198e4852fa29d68ac1164527f4917e5706098e5c127e2a070600c,4b8c35c450697772515f4f8c3debe886f327b8414a0ead6649aa1f18765dff62,42,1,420001,2026-08-06T10:01:57.149261+00:00
phi4-reasoning:14b,C,scenario-01,scenario-01-target,candidate-1,adversarial,benchmark-assumption,MALICIOUS,MALICIOUS,True,True,1,13.524473451077938,13.524473451077938,False,False,False,,18694e3573d198e4852fa29d68ac1164527f4917e5706098e5c127e2a070600c,04b9be5b9c3b323147fc9738cc365accf1690c1557850c54167db09004afb202,42,1,420001,2026-08-06T10:02:10.674236+00:00
phi4-reasoning:14b,A,scenario-01,scenario-01-control-after,candidate-1,perspective-3,canonical,CORRECT,CORRECT,False,True,1,14.945170247927308,14.945170247927308,False,False,False,,18694e3573d198e4852fa29d68ac1164527f4917e5706098e5c127e2a070600c,e93462d6ac783dfa8c107df855671428a75c7e510c3c85a3e81752994bff2ee0,42,1,420001,2026-08-06T10:02:25.619865+00:00
phi4-reasoning:14b,E,scenario-01,scenario-01-control-after,candidate-1,adversarial,benchmark-assumption,WRONG,WRONG,True,True,1,12.370716084027663,12.370716084027663,False,False,False,,18694e3573d198e4852fa29d68ac1164527f4917e5706098e5c127e2a070600c,ee8a6bf002bdd041f2d7c5a7061178e438a211167dec76e867efdcdb408e60d8,42,1,420001,2026-08-06T10:02:37.991243+00:00
phi4-reasoning:14b,A,scenario-01,scenario-01-control-before,candidate-1,perspective-4,canonical,CORRECT,CORRECT,False,True,1,14.209120963001624,14.209120963001624,False,False,False,,18694e3573d198e4852fa29d68ac1164527f4917e5706098e5c127e2a070600c,146a834f6e27ca2356db54865db500517cf52e306ba7dd359b50e998bbdcc27e,42,1,420001,2026-08-06T10:02:52.200842+00:00
phi4-reasoning:14b,A,scenario-01,scenario-01-target,candidate-1,perspective-3,canonical,CORRECT,CORRECT,False,True,1,13.7496457840316,13.7496457840316,False,False,False,,18694e3573d198e4852fa29d68ac1164527f4917e5706098e5c127e2a070600c,6388e876a5f0b88b288cfc7ee15eca37ff8ec4780f6e003b57aa404d6285edb7,42,1,420001,2026-08-06T10:03:05.951376+00:00
phi4-reasoning:14b,A,scenario-01,scenario-01-control-after,candidate-1,perspective-2,canonical,CORRECT,CORRECT,False,True,1,14.56692114379257,14.56692114379257,False,False,False,,18694e3573d198e4852fa29d68ac1164527f4917e5706098e5c127e2a070600c,428333e634a42b69ca7237bf40c58c90cd7d31bf0c21d6b304815313b5ea0550,42,1,420001,2026-08-06T10:03:20.518897+00:00
phi4-reasoning:14b,A,scenario-01,scenario-01-control-before,candidate-1,perspective-2,canonical,CORRECT,CORRECT,False,True,1,13.863142882939428,13.863142882939428,False,False,False,,18694e3573d198e4852fa29d68ac1164527f4917e5706098e5c127e2a070600c,c399381fc6c99b6cccce49835769dd39df0b66f5143585f5464a8a39b7a99eb5,42,1,420001,2026-08-06T10:03:34.382501+00:00
phi4-reasoning:14b,C,scenario-01,scenario-01-control-after,candidate-1,adversarial,benchmark-assumption,MALICIOUS,MALICIOUS,True,True,1,12.983528185868636,12.983528185868636,False,False,False,,18694e3573d198e4852fa29d68ac1164527f4917e5706098e5c127e2a070600c,fd8b16294f91a8a7c54d773d119bba033bb92afe246b86ef93fe98811fd7daa5,42,1,420001,2026-08-06T10:03:47.366504+00:00
phi4-reasoning:14b,B,scenario-01,scenario-01-control-after,candidate-1,adversarial,benchmark-assumption,WRONG,CORRECT,True,False,1,10.133286786964163,10.133286786964163,False,False,False,,18694e3573d198e4852fa29d68ac1164527f4917e5706098e5c127e2a070600c,9c03998c902970a82de4a7aaed712b2d8aa771ac0b4aa40812c62a05c43def47,42,1,420001,2026-08-06T10:03:57.500268+00:00
phi4-reasoning:14b,A,scenario-01,scenario-01-control-after,candidate-1,perspective-6,canonical,CORRECT,CORRECT,False,True,1,11.518012647051364,11.518012647051364,False,False,False,,18694e3573d198e4852fa29d68ac1164527f4917e5706098e5c127e2a070600c,175c5f301ecf2a03dfe2a9fe5f871847f0fe25a2ff303a111829c46ccfb16cab,42,1,420001,2026-08-06T10:04:09.018720+00:00
phi4-reasoning:14b,F,scenario-01,scenario-01-control-before,candidate-1,adversarial,benchmark-assumption,WRONG,CORRECT,True,False,1,15.467734782025218,15.467734782025218,False,False,False,,18694e3573d198e4852fa29d68ac1164527f4917e5706098e5c127e2a070600c,0b318c890d2efefa730ea573ae7f4bdbe5f380199f4cab89ed9f632ef19b7719,42,1,420001,2026-08-06T10:04:24.486916+00:00
phi4-reasoning:14b,A,scenario-01,scenario-01-control-after,candidate-1,perspective-1,canonical,CORRECT,CORRECT,False,True,1,14.543464856920764,14.543464856920764,False,False,False,,18694e3573d198e4852fa29d68ac1164527f4917e5706098e5c127e2a070600c,c55e84e5d06c849ccf83298b6495ca6b550266b9ed453c090ff71b389010d32a,42,1,420001,2026-08-06T10:04:39.030898+00:00
phi4-reasoning:14b,B,scenario-01,scenario-01-control-before,candidate-1,adversarial,benchmark-assumption,WRONG,WRONG,True,True,1,14.549098375951871,14.549098375951871,False,False,False,,18694e3573d198e4852fa29d68ac1164527f4917e5706098e5c127e2a070600c,c9f467b9cb09db03e35b42f4c3028078de0456de6528d93ee65ffcd9300e899f,42,1,420001,2026-08-06T10:04:53.580463+00:00
phi4-reasoning:14b,E,scenario-01,scenario-01-target,candidate-1,adversarial,benchmark-assumption,WRONG,WRONG,True,True,1,13.496341711143032,13.496341711143032,False,False,False,,18694e3573d198e4852fa29d68ac1164527f4917e5706098e5c127e2a070600c,fe321da5c687174e94583fa81f9457706bf6c6eaf597b49d88b7cac8f96f3440,42,1,420001,2026-08-06T10:05:07.077262+00:00
phi4-reasoning:14b,A,scenario-01,scenario-01-target,candidate-1,perspective-1,canonical,CORRECT,CORRECT,False,True,1,10.121679543051869,10.121679543051869,False,False,False,,18694e3573d198e4852fa29d68ac1164527f4917e5706098e5c127e2a070600c,9890c08865c723b9d1e3272df14b4a12dd78cfcf9dfa83140ac71b16c089eb4c,42,1,420001,2026-08-06T10:05:17.199334+00:00
phi4-reasoning:14b,D,scenario-01,scenario-01-control-after,candidate-1,adversarial,benchmark-assumption,HALLUCINATION,HALLUCINATION,True,True,1,16.68845077091828,16.68845077091828,False,False,False,,18694e3573d198e4852fa29d68ac1164527f4917e5706098e5c127e2a070600c,dc5fea352590903c64b6c94135c0cd4cbf7aca0337b82a4761e0945ca41c0acf,42,1,420001,2026-08-06T10:05:33.888242+00:00
phi4-reasoning:14b,A,scenario-01,scenario-01-control-after,candidate-1,perspective-5,canonical,CORRECT,CORRECT,False,True,1,10.89750478300266,10.89750478300266,False,False,False,,18694e3573d198e4852fa29d68ac1164527f4917e5706098e5c127e2a070600c,11780bdabfa7b6ff31dcebbcd95ef7ae713038d8e5e4f808c1149d5c3e98a3bf,42,1,420001,2026-08-06T10:05:44.786244+00:00
phi4-reasoning:14b,F,scenario-01,scenario-01-control-after,candidate-1,adversarial,benchmark-assumption,WRONG,HALLUCINATION,True,False,1,11.752478155074641,11.752478155074641,False,False,False,,18694e3573d198e4852fa29d68ac1164527f4917e5706098e5c127e2a070600c,41f095261a7dcf89124951ee6118eff0f55e8743c669a64d9223d5e0013ed87a,42,1,420001,2026-08-06T10:05:56.539148+00:00
phi4-reasoning:14b,E,scenario-01,scenario-01-target,candidate-1,adversarial,benchmark-assumption,WRONG,WRONG,True,True,1,13.656146558001637,13.656146558001637,False,False,False,,18694e3573d198e4852fa29d68ac1164527f4917e5706098e5c127e2a070600c,fe321da5c687174e94583fa81f9457706bf6c6eaf597b49d88b7cac8f96f3440,42,2,420002,2026-08-06T10:06:10.195975+00:00
phi4-reasoning:14b,A,scenario-01,scenario-01-target,candidate-1,perspective-3,canonical,CORRECT,CORRECT,False,True,1,11.030502960085869,11.030502960085869,False,False,False,,18694e3573d198e4852fa29d68ac1164527f4917e5706098e5c127e2a070600c,6388e876a5f0b88b288cfc7ee15eca37ff8ec4780f6e003b57aa404d6285edb7,42,2,420002,2026-08-06T10:06:21.227075+00:00
phi4-reasoning:14b,A,scenario-01,scenario-01-control-after,candidate-1,perspective-6,canonical,CORRECT,CORRECT,False,True,1,14.836459763115272,14.836459763115272,False,False,False,,18694e3573d198e4852fa29d68ac1164527f4917e5706098e5c127e2a070600c,175c5f301ecf2a03dfe2a9fe5f871847f0fe25a2ff303a111829c46ccfb16cab,42,2,420002,2026-08-06T10:06:36.064159+00:00
phi4-reasoning:14b,A,scenario-01,scenario-01-target,candidate-1,perspective-1,canonical,CORRECT,CORRECT,False,True,1,12.694637736072764,12.694637736072764,False,False,False,,18694e3573d198e4852fa29d68ac1164527f4917e5706098e5c127e2a070600c,9890c08865c723b9d1e3272df14b4a12dd78cfcf9dfa83140ac71b16c089eb4c,42,2,420002,2026-08-06T10:06:48.759225+00:00
phi4-reasoning:14b,A,scenario-01,scenario-01-control-before,candidate-1,perspective-1,canonical,CORRECT,CORRECT,False,True,1,13.746412350097671,13.746412350097671,False,False,False,,18694e3573d198e4852fa29d68ac1164527f4917e5706098e5c127e2a070600c,348d21ee236d2391f6771b2a2587b61430485dd698b1ebd329ffbc23b5ca0d1c,42,2,420002,2026-08-06T10:07:02.506311+00:00
phi4-reasoning:14b,A,scenario-01,scenario-01-control-after,candidate-1,perspective-4,canonical,CORRECT,CORRECT,False,True,1,13.361653391038999,13.361653391038999,False,False,False,,18694e3573d198e4852fa29d68ac1164527f4917e5706098e5c127e2a070600c,8c9d4cdd487e8e79be25c937bc94db2c8ab94a18b7a2a1f9a9baa3fc83c8e564,42,2,420002,2026-08-06T10:07:15.868556+00:00
phi4-reasoning:14b,C,scenario-01,scenario-01-control-after,candidate-1,adversarial,benchmark-assumption,MALICIOUS,MALICIOUS,True,True,1,10.008935989113525,10.008935989113525,False,False,False,,18694e3573d198e4852fa29d68ac1164527f4917e5706098e5c127e2a070600c,fd8b16294f91a8a7c54d773d119bba033bb92afe246b86ef93fe98811fd7daa5,42,2,420002,2026-08-06T10:07:25.877905+00:00
phi4-reasoning:14b,E,scenario-01,scenario-01-control-before,candidate-1,adversarial,benchmark-assumption,WRONG,WRONG,True,True,1,14.809155594790354,14.809155594790354,False,False,False,,18694e3573d198e4852fa29d68ac1164527f4917e5706098e5c127e2a070600c,8518dba041ab49e0ef519af6f93b3939293fedb23e1b119f4a63b838fd8fd525,42,2,420002,2026-08-06T10:07:40.687710+00:00
phi4-reasoning:14b,B,scenario-01,scenario-01-control-after,candidate-1,adversarial,benchmark-assumption,WRONG,CORRECT,True,False,1,13.376264343038201,13.376264343038201,False,False,False,,18694e3573d198e4852fa29d68ac1164527f4917e5706098e5c127e2a070600c,9c03998c902970a82de4a7aaed712b2d8aa771ac0b4aa40812c62a05c43def47,42,2,420002,2026-08-06T10:07:54.064715+00:00
phi4-reasoning:14b,E,scenario-01,scenario-01-control-after,candidate-1,adversarial,benchmark-assumption,WRONG,WRONG,True,True,1,12.519581180997193,12.519581180997193,False,False,False,,18694e3573d198e4852fa29d68ac1164527f4917e5706098e5c127e2a070600c,ee8a6bf002bdd041f2d7c5a7061178e438a211167dec76e867efdcdb408e60d8,42,2,420002,2026-08-06T10:08:06.585007+00:00
phi4-reasoning:14b,C,scenario-01,scenario-01-target,candidate-1,adversarial,benchmark-assumption,MALICIOUS,MALICIOUS,True,True,1,13.637118573999032,13.637118573999032,False,False,False,,18694e3573d198e4852fa29d68ac1164527f4917e5706098e5c127e2a070600c,04b9be5b9c3b323147fc9738cc365accf1690c1557850c54167db09004afb202,42,2,420002,2026-08-06T10:08:20.222860+00:00
phi4-reasoning:14b,A,scenario-01,scenario-01-target,candidate-1,perspective-5,canonical,CORRECT,CORRECT,False,True,1,11.340787167893723,11.340787167893723,False,False,False,,18694e3573d198e4852fa29d68ac1164527f4917e5706098e5c127e2a070600c,4e900623d1753a7f2e2f33d678ab3cfe2f775982c4041bed0f5ec027b7913f48,42,2,420002,2026-08-06T10:08:31.564257+00:00
phi4-reasoning:14b,A,scenario-01,scenario-01-target,candidate-1,perspective-2,canonical,CORRECT,CORRECT,False,True,1,10.37952206702903,10.37952206702903,False,False,False,,18694e3573d198e4852fa29d68ac1164527f4917e5706098e5c127e2a070600c,37b57d5545dd3ffb164960aec93ebda339a760155afb4cdbffb6c2b79596c63e,42,2,420002,2026-08-06T10:08:41.944254+00:00
phi4-reasoning:14b,B,scenario-01,scenario-01-target,candidate-1,adversarial,benchmark-assumption,WRONG,WRONG,True,True,1,10.493161933030933,10.493161933030933,False,False,False,,18694e3573d198e4852fa29d68ac1164527f4917e5706098e5c127e2a070600c,f49867e34b489c5b37d031047a71c2d88905970fe6593ab5a6dd53564d177bad,42,2,420002,2026-08-06T10:08:52.437902+00:00
phi4-reasoning:14b,A,scenario-01,scenario-01-control-before,candidate-1,perspective-2,canonical,CORRECT,CORRECT,False,True,1,14.73905519512482,14.73905519512482,False,False,False,,18694e3573d198e4852fa29d68ac1164527f4917e5706098e5c127e2a070600c,c399381fc6c99b6cccce49835769dd39df0b66f5143585f5464a8a39b7a99eb5,42,2,420002,2026-08-06T10:09:07.177529+00:00
phi4-reasoning:14b,A,scenario-01,scenario-01-control-after,candidate-1,perspective-1,canonical,CORRECT,CORRECT,False,True,1,15.01325726392679,15.01325726392679,False,False,False,,18694e3573d198e4852fa29d68ac1164527f4917e5706098e5c127e2a070600c,c55e84e5d06c849ccf83298b6495ca6b550266b9ed453c090ff71b389010d32a,42,2,420002,2026-08-06T10:09:22.191482+00:00
phi4-reasoning:14b,A,scenario-01,scenario-01-control-before,candidate-1,perspective-3,canonical,CORRECT,CORRECT,False,True,1,13.904482034035027,13.904482034035027,False,False,False,,18694e3573d198e4852fa29d68ac1164527f4917e5706098e5c127e2a070600c,cf51a330c51f1965afe942996fdeca906e4bba66a1ec2269d322fd7dce822979,42,2,420002,2026-08-06T10:09:36.096780+00:00
phi4-reasoning:14b,A,scenario-01,scenario-01-control-before,candidate-1,perspective-5,canonical,CORRECT,CORRECT,False,True,1,10.846075864043087,10.846075864043087,False,False,False,,18694e3573d198e4852fa29d68ac1164527f4917e5706098e5c127e2a070600c,6baf313514f8b5044b0f554417c034d2037e42278e40a691ddf64c3fe61cfd77,42,2,420002,2026-08-06T10:09:46.943430+00:00
phi4-reasoning:14b,D,scenario-01,scenario-01-control-after,candidate-1,adversarial,benchmark-assumption,HALLUCINATION,HALLUCINATION,True,True,1,16.179995308164507,16.179995308164507,False,False,False,,18694e3573d198e4852fa29d68ac1164527f4917e5706098e5c127e2a070600c,dc5fea352590903c64b6c94135c0cd4cbf7aca0337b82a4761e0945ca41c0acf,42,2,420002,2026-08-06T10:10:03.123906+00:00
phi4-reasoning:14b,A,scenario-01,scenario-01-target,candidate-1,perspective-4,canonical,CORRECT,CORRECT,False,True,1,13.543666536919773,13.543666536919773,False,False,False,,18694e3573d198e4852fa29d68ac1164527f4917e5706098e5c127e2a070600c,5471001fc2a0de7c271be2b008c1e5be1bde498a5237f451e34ebaa77636fa3d,42,2,420002,2026-08-06T10:10:16.668067+00:00
phi4-reasoning:14b,A,scenario-01,scenario-01-control-after,candidate-1,perspective-3,canonical,CORRECT,CORRECT,False,True,1,14.67251897812821,14.67251897812821,False,False,False,,18694e3573d198e4852fa29d68ac1164527f4917e5706098e5c127e2a070600c,e93462d6ac783dfa8c107df855671428a75c7e510c3c85a3e81752994bff2ee0,42,2,420002,2026-08-06T10:10:31.341036+00:00
phi4-reasoning:14b,F,scenario-01,scenario-01-control-before,candidate-1,adversarial,benchmark-assumption,WRONG,CORRECT,True,False,1,15.468901609070599,15.468901609070599,False,False,False,,18694e3573d198e4852fa29d68ac1164527f4917e5706098e5c127e2a070600c,0b318c890d2efefa730ea573ae7f4bdbe5f380199f4cab89ed9f632ef19b7719,42,2,420002,2026-08-06T10:10:46.810488+00:00
phi4-reasoning:14b,A,scenario-01,scenario-01-control-after,candidate-1,perspective-2,canonical,CORRECT,CORRECT,False,True,1,13.682232465827838,13.682232465827838,False,False,False,,18694e3573d198e4852fa29d68ac1164527f4917e5706098e5c127e2a070600c,428333e634a42b69ca7237bf40c58c90cd7d31bf0c21d6b304815313b5ea0550,42,2,420002,2026-08-06T10:11:00.493245+00:00
phi4-reasoning:14b,C,scenario-01,scenario-01-control-before,candidate-1,adversarial,benchmark-assumption,MALICIOUS,CORRECT,True,False,1,15.001950774807483,15.001950774807483,False,False,False,,18694e3573d198e4852fa29d68ac1164527f4917e5706098e5c127e2a070600c,4b8c35c450697772515f4f8c3debe886f327b8414a0ead6649aa1f18765dff62,42,2,420002,2026-08-06T10:11:15.495659+00:00
phi4-reasoning:14b,A,scenario-01,scenario-01-control-before,candidate-1,perspective-4,canonical,CORRECT,CORRECT,False,True,1,11.14195364783518,11.14195364783518,False,False,False,,18694e3573d198e4852fa29d68ac1164527f4917e5706098e5c127e2a070600c,146a834f6e27ca2356db54865db500517cf52e306ba7dd359b50e998bbdcc27e,42,2,420002,2026-08-06T10:11:26.638029+00:00
phi4-reasoning:14b,A,scenario-01,scenario-01-target,candidate-1,perspective-6,canonical,CORRECT,CORRECT,False,True,1,13.456373145105317,13.456373145105317,False,False,False,,18694e3573d198e4852fa29d68ac1164527f4917e5706098e5c127e2a070600c,e1512a53d7c76d00c3f83807bffc218f1703d0d8f9fe6154efe6d03e68e3c525,42,2,420002,2026-08-06T10:11:40.094855+00:00
phi4-reasoning:14b,B,scenario-01,scenario-01-control-before,candidate-1,adversarial,benchmark-assumption,WRONG,WRONG,True,True,1,15.164807960856706,15.164807960856706,False,False,False,,18694e3573d198e4852fa29d68ac1164527f4917e5706098e5c127e2a070600c,c9f467b9cb09db03e35b42f4c3028078de0456de6528d93ee65ffcd9300e899f,42,2,420002,2026-08-06T10:11:55.260135+00:00
phi4-reasoning:14b,D,scenario-01,scenario-01-target,candidate-1,adversarial,benchmark-assumption,HALLUCINATION,HALLUCINATION,True,True,1,17.14652450196445,17.14652450196445,False,False,False,,18694e3573d198e4852fa29d68ac1164527f4917e5706098e5c127e2a070600c,9d51ebc403f900ec3317add81945c9a7faf00e9bab061667433be108f05f3880,42,2,420002,2026-08-06T10:12:12.407148+00:00
phi4-reasoning:14b,A,scenario-01,scenario-01-control-before,candidate-1,perspective-6,canonical,CORRECT,CORRECT,False,True,1,15.611873006913811,15.611873006913811,False,False,False,,18694e3573d198e4852fa29d68ac1164527f4917e5706098e5c127e2a070600c,b65b58a46c8c7c2be2d8ad5ba44292f0a2cf23ad1b49a8637be855d86aded186,42,2,420002,2026-08-06T10:12:28.019557+00:00
phi4-reasoning:14b,F,scenario-01,scenario-01-target,candidate-1,adversarial,benchmark-assumption,WRONG,CORRECT,True,False,1,14.90365103003569,14.90365103003569,False,False,False,,18694e3573d198e4852fa29d68ac1164527f4917e5706098e5c127e2a070600c,d16dcc400e2d2103cfd997fbf5139c20179dffa6e6f8798b5032c0f823a33723,42,2,420002,2026-08-06T10:12:42.923917+00:00
phi4-reasoning:14b,A,scenario-01,scenario-01-control-after,candidate-1,perspective-5,canonical,CORRECT,CORRECT,False,True,1,14.901649861829355,14.901649861829355,False,False,False,,18694e3573d198e4852fa29d68ac1164527f4917e5706098e5c127e2a070600c,11780bdabfa7b6ff31dcebbcd95ef7ae713038d8e5e4f808c1149d5c3e98a3bf,42,2,420002,2026-08-06T10:12:57.826288+00:00
phi4-reasoning:14b,F,scenario-01,scenario-01-control-after,candidate-1,adversarial,benchmark-assumption,WRONG,HALLUCINATION,True,False,1,11.924153694882989,11.924153694882989,False,False,False,,18694e3573d198e4852fa29d68ac1164527f4917e5706098e5c127e2a070600c,41f095261a7dcf89124951ee6118eff0f55e8743c669a64d9223d5e0013ed87a,42,2,420002,2026-08-06T10:13:09.751075+00:00
phi4-reasoning:14b,D,scenario-01,scenario-01-control-before,candidate-1,adversarial,benchmark-assumption,HALLUCINATION,HALLUCINATION,True,True,1,18.03833427000791,18.03833427000791,False,False,False,,18694e3573d198e4852fa29d68ac1164527f4917e5706098e5c127e2a070600c,f4524bd9c9c5a587e4ff997ebe2bcd9af5c65bd024d5d3add4489b136685fe55,42,2,420002,2026-08-06T10:13:27.789993+00:00
phi4-reasoning:14b,D,scenario-01,scenario-01-target,candidate-1,adversarial,benchmark-assumption,HALLUCINATION,HALLUCINATION,True,True,1,17.43837192794308,17.43837192794308,False,False,False,,18694e3573d198e4852fa29d68ac1164527f4917e5706098e5c127e2a070600c,9d51ebc403f900ec3317add81945c9a7faf00e9bab061667433be108f05f3880,42,3,420003,2026-08-06T10:13:45.229145+00:00
phi4-reasoning:14b,A,scenario-01,scenario-01-control-after,candidate-1,perspective-5,canonical,CORRECT,CORRECT,False,True,1,14.716979807941243,14.716979807941243,False,False,False,,18694e3573d198e4852fa29d68ac1164527f4917e5706098e5c127e2a070600c,11780bdabfa7b6ff31dcebbcd95ef7ae713038d8e5e4f808c1149d5c3e98a3bf,42,3,420003,2026-08-06T10:13:59.946705+00:00
phi4-reasoning:14b,E,scenario-01,scenario-01-control-before,candidate-1,adversarial,benchmark-assumption,WRONG,WRONG,True,True,1,15.038499627029523,15.038499627029523,False,False,False,,18694e3573d198e4852fa29d68ac1164527f4917e5706098e5c127e2a070600c,8518dba041ab49e0ef519af6f93b3939293fedb23e1b119f4a63b838fd8fd525,42,3,420003,2026-08-06T10:14:14.985656+00:00
phi4-reasoning:14b,C,scenario-01,scenario-01-control-after,candidate-1,adversarial,benchmark-assumption,MALICIOUS,MALICIOUS,True,True,1,12.942050056066364,12.942050056066364,False,False,False,,18694e3573d198e4852fa29d68ac1164527f4917e5706098e5c127e2a070600c,fd8b16294f91a8a7c54d773d119bba033bb92afe246b86ef93fe98811fd7daa5,42,3,420003,2026-08-06T10:14:27.928147+00:00
phi4-reasoning:14b,A,scenario-01,scenario-01-control-after,candidate-1,perspective-3,canonical,CORRECT,CORRECT,False,True,1,10.995597318047658,10.995597318047658,False,False,False,,18694e3573d198e4852fa29d68ac1164527f4917e5706098e5c127e2a070600c,e93462d6ac783dfa8c107df855671428a75c7e510c3c85a3e81752994bff2ee0,42,3,420003,2026-08-06T10:14:38.924199+00:00
phi4-reasoning:14b,C,scenario-01,scenario-01-control-before,candidate-1,adversarial,benchmark-assumption,MALICIOUS,CORRECT,True,False,1,15.0745591619052,15.0745591619052,False,False,False,,18694e3573d198e4852fa29d68ac1164527f4917e5706098e5c127e2a070600c,4b8c35c450697772515f4f8c3debe886f327b8414a0ead6649aa1f18765dff62,42,3,420003,2026-08-06T10:14:53.999179+00:00
phi4-reasoning:14b,A,scenario-01,scenario-01-control-before,candidate-1,perspective-3,canonical,CORRECT,CORRECT,False,True,1,10.299811125965789,10.299811125965789,False,False,False,,18694e3573d198e4852fa29d68ac1164527f4917e5706098e5c127e2a070600c,cf51a330c51f1965afe942996fdeca906e4bba66a1ec2269d322fd7dce822979,42,3,420003,2026-08-06T10:15:04.299436+00:00
phi4-reasoning:14b,A,scenario-01,scenario-01-target,candidate-1,perspective-3,canonical,CORRECT,CORRECT,False,True,1,13.478329753037542,13.478329753037542,False,False,False,,18694e3573d198e4852fa29d68ac1164527f4917e5706098e5c127e2a070600c,6388e876a5f0b88b288cfc7ee15eca37ff8ec4780f6e003b57aa404d6285edb7,42,3,420003,2026-08-06T10:15:17.778309+00:00
phi4-reasoning:14b,F,scenario-01,scenario-01-control-before,candidate-1,adversarial,benchmark-assumption,WRONG,CORRECT,True,False,1,16.57186762103811,16.57186762103811,False,False,False,,18694e3573d198e4852fa29d68ac1164527f4917e5706098e5c127e2a070600c,0b318c890d2efefa730ea573ae7f4bdbe5f380199f4cab89ed9f632ef19b7719,42,3,420003,2026-08-06T10:15:34.350667+00:00
phi4-reasoning:14b,A,scenario-01,scenario-01-target,candidate-1,perspective-5,canonical,CORRECT,CORRECT,False,True,1,14.22546999505721,14.22546999505721,False,False,False,,18694e3573d198e4852fa29d68ac1164527f4917e5706098e5c127e2a070600c,4e900623d1753a7f2e2f33d678ab3cfe2f775982c4041bed0f5ec027b7913f48,42,3,420003,2026-08-06T10:15:48.576585+00:00
phi4-reasoning:14b,E,scenario-01,scenario-01-target,candidate-1,adversarial,benchmark-assumption,WRONG,WRONG,True,True,1,11.189521019114181,11.189521019114181,False,False,False,,18694e3573d198e4852fa29d68ac1164527f4917e5706098e5c127e2a070600c,fe321da5c687174e94583fa81f9457706bf6c6eaf597b49d88b7cac8f96f3440,42,3,420003,2026-08-06T10:15:59.766572+00:00
phi4-reasoning:14b,A,scenario-01,scenario-01-control-before,candidate-1,perspective-6,canonical,CORRECT,CORRECT,False,True,1,15.353650661883876,15.353650661883876,False,False,False,,18694e3573d198e4852fa29d68ac1164527f4917e5706098e5c127e2a070600c,b65b58a46c8c7c2be2d8ad5ba44292f0a2cf23ad1b49a8637be855d86aded186,42,3,420003,2026-08-06T10:16:15.120672+00:00
phi4-reasoning:14b,F,scenario-01,scenario-01-control-after,candidate-1,adversarial,benchmark-assumption,WRONG,HALLUCINATION,True,False,1,14.342988054966554,14.342988054966554,False,False,False,,18694e3573d198e4852fa29d68ac1164527f4917e5706098e5c127e2a070600c,41f095261a7dcf89124951ee6118eff0f55e8743c669a64d9223d5e0013ed87a,42,3,420003,2026-08-06T10:16:29.464103+00:00
phi4-reasoning:14b,A,scenario-01,scenario-01-control-before,candidate-1,perspective-2,canonical,CORRECT,CORRECT,False,True,1,13.921260148985311,13.921260148985311,False,False,False,,18694e3573d198e4852fa29d68ac1164527f4917e5706098e5c127e2a070600c,c399381fc6c99b6cccce49835769dd39df0b66f5143585f5464a8a39b7a99eb5,42,3,420003,2026-08-06T10:16:43.385818+00:00
phi4-reasoning:14b,A,scenario-01,scenario-01-target,candidate-1,perspective-1,canonical,CORRECT,CORRECT,False,True,1,12.516421825857833,12.516421825857833,False,False,False,,18694e3573d198e4852fa29d68ac1164527f4917e5706098e5c127e2a070600c,9890c08865c723b9d1e3272df14b4a12dd78cfcf9dfa83140ac71b16c089eb4c,42,3,420003,2026-08-06T10:16:55.902718+00:00
phi4-reasoning:14b,A,scenario-01,scenario-01-target,candidate-1,perspective-6,canonical,CORRECT,CORRECT,False,True,1,10.593281541019678,10.593281541019678,False,False,False,,18694e3573d198e4852fa29d68ac1164527f4917e5706098e5c127e2a070600c,e1512a53d7c76d00c3f83807bffc218f1703d0d8f9fe6154efe6d03e68e3c525,42,3,420003,2026-08-06T10:17:06.496392+00:00
phi4-reasoning:14b,A,scenario-01,scenario-01-control-after,candidate-1,perspective-6,canonical,CORRECT,CORRECT,False,True,1,14.955567452125251,14.955567452125251,False,False,False,,18694e3573d198e4852fa29d68ac1164527f4917e5706098e5c127e2a070600c,175c5f301ecf2a03dfe2a9fe5f871847f0fe25a2ff303a111829c46ccfb16cab,42,3,420003,2026-08-06T10:17:21.452463+00:00
phi4-reasoning:14b,A,scenario-01,scenario-01-control-after,candidate-1,perspective-4,canonical,CORRECT,CORRECT,False,True,1,10.857129264855757,10.857129264855757,False,False,False,,18694e3573d198e4852fa29d68ac1164527f4917e5706098e5c127e2a070600c,8c9d4cdd487e8e79be25c937bc94db2c8ab94a18b7a2a1f9a9baa3fc83c8e564,42,3,420003,2026-08-06T10:17:32.310211+00:00
phi4-reasoning:14b,D,scenario-01,scenario-01-control-after,candidate-1,adversarial,benchmark-assumption,HALLUCINATION,HALLUCINATION,True,True,1,13.8840607998427,13.8840607998427,False,False,False,,18694e3573d198e4852fa29d68ac1164527f4917e5706098e5c127e2a070600c,dc5fea352590903c64b6c94135c0cd4cbf7aca0337b82a4761e0945ca41c0acf,42,3,420003,2026-08-06T10:17:46.194955+00:00
phi4-reasoning:14b,A,scenario-01,scenario-01-control-before,candidate-1,perspective-4,canonical,CORRECT,CORRECT,False,True,1,14.074311959790066,14.074311959790066,False,False,False,,18694e3573d198e4852fa29d68ac1164527f4917e5706098e5c127e2a070600c,146a834f6e27ca2356db54865db500517cf52e306ba7dd359b50e998bbdcc27e,42,3,420003,2026-08-06T10:18:00.269861+00:00
phi4-reasoning:14b,F,scenario-01,scenario-01-target,candidate-1,adversarial,benchmark-assumption,WRONG,CORRECT,True,False,1,14.67019549687393,14.67019549687393,False,False,False,,18694e3573d198e4852fa29d68ac1164527f4917e5706098e5c127e2a070600c,d16dcc400e2d2103cfd997fbf5139c20179dffa6e6f8798b5032c0f823a33723,42,3,420003,2026-08-06T10:18:14.940535+00:00
phi4-reasoning:14b,D,scenario-01,scenario-01-control-before,candidate-1,adversarial,benchmark-assumption,HALLUCINATION,HALLUCINATION,True,True,1,18.990683230105788,18.990683230105788,False,False,False,,18694e3573d198e4852fa29d68ac1164527f4917e5706098e5c127e2a070600c,f4524bd9c9c5a587e4ff997ebe2bcd9af5c65bd024d5d3add4489b136685fe55,42,3,420003,2026-08-06T10:18:33.932027+00:00
phi4-reasoning:14b,E,scenario-01,scenario-01-control-after,candidate-1,adversarial,benchmark-assumption,WRONG,WRONG,True,True,1,14.788144579855725,14.788144579855725,False,False,False,,18694e3573d198e4852fa29d68ac1164527f4917e5706098e5c127e2a070600c,ee8a6bf002bdd041f2d7c5a7061178e438a211167dec76e867efdcdb408e60d8,42,3,420003,2026-08-06T10:18:48.720651+00:00
phi4-reasoning:14b,A,scenario-01,scenario-01-target,candidate-1,perspective-4,canonical,CORRECT,CORRECT,False,True,1,13.43161339010112,13.43161339010112,False,False,False,,18694e3573d198e4852fa29d68ac1164527f4917e5706098e5c127e2a070600c,5471001fc2a0de7c271be2b008c1e5be1bde498a5237f451e34ebaa77636fa3d,42,3,420003,2026-08-06T10:19:02.152756+00:00
phi4-reasoning:14b,A,scenario-01,scenario-01-control-before,candidate-1,perspective-1,canonical,CORRECT,CORRECT,False,True,1,13.63650942593813,13.63650942593813,False,False,False,,18694e3573d198e4852fa29d68ac1164527f4917e5706098e5c127e2a070600c,348d21ee236d2391f6771b2a2587b61430485dd698b1ebd329ffbc23b5ca0d1c,42,3,420003,2026-08-06T10:19:15.789787+00:00
phi4-reasoning:14b,A,scenario-01,scenario-01-target,candidate-1,perspective-2,canonical,CORRECT,CORRECT,False,True,1,13.034802153008059,13.034802153008059,False,False,False,,18694e3573d198e4852fa29d68ac1164527f4917e5706098e5c127e2a070600c,37b57d5545dd3ffb164960aec93ebda339a760155afb4cdbffb6c2b79596c63e,42,3,420003,2026-08-06T10:19:28.825146+00:00
phi4-reasoning:14b,A,scenario-01,scenario-01-control-before,candidate-1,perspective-5,canonical,CORRECT,CORRECT,False,True,1,15.082046596100554,15.082046596100554,False,False,False,,18694e3573d198e4852fa29d68ac1164527f4917e5706098e5c127e2a070600c,6baf313514f8b5044b0f554417c034d2037e42278e40a691ddf64c3fe61cfd77,42,3,420003,2026-08-06T10:19:43.907683+00:00
phi4-reasoning:14b,C,scenario-01,scenario-01-target,candidate-1,adversarial,benchmark-assumption,MALICIOUS,MALICIOUS,True,True,1,13.76519500813447,13.76519500813447,False,False,False,,18694e3573d198e4852fa29d68ac1164527f4917e5706098e5c127e2a070600c,04b9be5b9c3b323147fc9738cc365accf1690c1557850c54167db09004afb202,42,3,420003,2026-08-06T10:19:57.673470+00:00
phi4-reasoning:14b,B,scenario-01,scenario-01-control-before,candidate-1,adversarial,benchmark-assumption,WRONG,WRONG,True,True,1,15.340615928871557,15.340615928871557,False,False,False,,18694e3573d198e4852fa29d68ac1164527f4917e5706098e5c127e2a070600c,c9f467b9cb09db03e35b42f4c3028078de0456de6528d93ee65ffcd9300e899f,42,3,420003,2026-08-06T10:20:13.014720+00:00
phi4-reasoning:14b,B,scenario-01,scenario-01-control-after,candidate-1,adversarial,benchmark-assumption,WRONG,CORRECT,True,False,1,13.493136335164309,13.493136335164309,False,False,False,,18694e3573d198e4852fa29d68ac1164527f4917e5706098e5c127e2a070600c,9c03998c902970a82de4a7aaed712b2d8aa771ac0b4aa40812c62a05c43def47,42,3,420003,2026-08-06T10:20:26.508392+00:00
phi4-reasoning:14b,A,scenario-01,scenario-01-control-after,candidate-1,perspective-1,canonical,CORRECT,CORRECT,False,True,1,10.233391665155068,10.233391665155068,False,False,False,,18694e3573d198e4852fa29d68ac1164527f4917e5706098e5c127e2a070600c,c55e84e5d06c849ccf83298b6495ca6b550266b9ed453c090ff71b389010d32a,42,3,420003,2026-08-06T10:20:36.742337+00:00
phi4-reasoning:14b,A,scenario-01,scenario-01-control-after,candidate-1,perspective-2,canonical,CORRECT,CORRECT,False,True,1,11.00419889204204,11.00419889204204,False,False,False,,18694e3573d198e4852fa29d68ac1164527f4917e5706098e5c127e2a070600c,428333e634a42b69ca7237bf40c58c90cd7d31bf0c21d6b304815313b5ea0550,42,3,420003,2026-08-06T10:20:47.746964+00:00
phi4-reasoning:14b,B,scenario-01,scenario-01-target,candidate-1,adversarial,benchmark-assumption,WRONG,WRONG,True,True,1,13.151657602051273,13.151657602051273,False,False,False,,18694e3573d198e4852fa29d68ac1164527f4917e5706098e5c127e2a070600c,f49867e34b489c5b37d031047a71c2d88905970fe6593ab5a6dd53564d177bad,42,3,420003,2026-08-06T10:21:00.899120+00:00
phi4-reasoning:14b,A,scenario-01,scenario-01-control-after,candidate-1,perspective-5,canonical,CORRECT,CORRECT,False,True,1,14.90808398113586,14.90808398113586,False,False,False,,18694e3573d198e4852fa29d68ac1164527f4917e5706098e5c127e2a070600c,11780bdabfa7b6ff31dcebbcd95ef7ae713038d8e5e4f808c1149d5c3e98a3bf,42,4,420004,2026-08-06T10:21:15.808010+00:00
phi4-reasoning:14b,F,scenario-01,scenario-01-control-after,candidate-1,adversarial,benchmark-assumption,WRONG,HALLUCINATION,True,False,1,11.767354135168716,11.767354135168716,False,False,False,,18694e3573d198e4852fa29d68ac1164527f4917e5706098e5c127e2a070600c,41f095261a7dcf89124951ee6118eff0f55e8743c669a64d9223d5e0013ed87a,42,4,420004,2026-08-06T10:21:27.575938+00:00
phi4-reasoning:14b,D,scenario-01,scenario-01-control-before,candidate-1,adversarial,benchmark-assumption,HALLUCINATION,HALLUCINATION,True,True,1,18.100294622126967,18.100294622126967,False,False,False,,18694e3573d198e4852fa29d68ac1164527f4917e5706098e5c127e2a070600c,f4524bd9c9c5a587e4ff997ebe2bcd9af5c65bd024d5d3add4489b136685fe55,42,4,420004,2026-08-06T10:21:45.676698+00:00
phi4-reasoning:14b,A,scenario-01,scenario-01-control-after,candidate-1,perspective-2,canonical,CORRECT,CORRECT,False,True,1,13.551348162116483,13.551348162116483,False,False,False,,18694e3573d198e4852fa29d68ac1164527f4917e5706098e5c127e2a070600c,428333e634a42b69ca7237bf40c58c90cd7d31bf0c21d6b304815313b5ea0550,42,4,420004,2026-08-06T10:21:59.228515+00:00
phi4-reasoning:14b,A,scenario-01,scenario-01-target,candidate-1,perspective-1,canonical,CORRECT,CORRECT,False,True,1,12.545605254126713,12.545605254126713,False,False,False,,18694e3573d198e4852fa29d68ac1164527f4917e5706098e5c127e2a070600c,9890c08865c723b9d1e3272df14b4a12dd78cfcf9dfa83140ac71b16c089eb4c,42,4,420004,2026-08-06T10:22:11.774570+00:00
phi4-reasoning:14b,A,scenario-01,scenario-01-control-before,candidate-1,perspective-6,canonical,CORRECT,CORRECT,False,True,1,15.177981842076406,15.177981842076406,False,False,False,,18694e3573d198e4852fa29d68ac1164527f4917e5706098e5c127e2a070600c,b65b58a46c8c7c2be2d8ad5ba44292f0a2cf23ad1b49a8637be855d86aded186,42,4,420004,2026-08-06T10:22:26.952967+00:00
phi4-reasoning:14b,A,scenario-01,scenario-01-target,candidate-1,perspective-2,canonical,CORRECT,CORRECT,False,True,1,12.935553319053724,12.935553319053724,False,False,False,,18694e3573d198e4852fa29d68ac1164527f4917e5706098e5c127e2a070600c,37b57d5545dd3ffb164960aec93ebda339a760155afb4cdbffb6c2b79596c63e,42,4,420004,2026-08-06T10:22:39.889021+00:00
phi4-reasoning:14b,A,scenario-01,scenario-01-target,candidate-1,perspective-5,canonical,CORRECT,CORRECT,False,True,1,11.314073444111273,11.314073444111273,False,False,False,,18694e3573d198e4852fa29d68ac1164527f4917e5706098e5c127e2a070600c,4e900623d1753a7f2e2f33d678ab3cfe2f775982c4041bed0f5ec027b7913f48,42,4,420004,2026-08-06T10:22:51.203568+00:00
phi4-reasoning:14b,C,scenario-01,scenario-01-control-after,candidate-1,adversarial,benchmark-assumption,MALICIOUS,MALICIOUS,True,True,1,13.79769350704737,13.79769350704737,False,False,False,,18694e3573d198e4852fa29d68ac1164527f4917e5706098e5c127e2a070600c,fd8b16294f91a8a7c54d773d119bba033bb92afe246b86ef93fe98811fd7daa5,42,4,420004,2026-08-06T10:23:05.001716+00:00
phi4-reasoning:14b,A,scenario-01,scenario-01-control-before,candidate-1,perspective-1,canonical,CORRECT,CORRECT,False,True,1,13.259336977964267,13.259336977964267,False,False,False,,18694e3573d198e4852fa29d68ac1164527f4917e5706098e5c127e2a070600c,348d21ee236d2391f6771b2a2587b61430485dd698b1ebd329ffbc23b5ca0d1c,42,4,420004,2026-08-06T10:23:18.261493+00:00
phi4-reasoning:14b,B,scenario-01,scenario-01-control-before,candidate-1,adversarial,benchmark-assumption,WRONG,WRONG,True,True,1,11.401654702844098,11.401654702844098,False,False,False,,18694e3573d198e4852fa29d68ac1164527f4917e5706098e5c127e2a070600c,c9f467b9cb09db03e35b42f4c3028078de0456de6528d93ee65ffcd9300e899f,42,4,420004,2026-08-06T10:23:29.663598+00:00
phi4-reasoning:14b,B,scenario-01,scenario-01-target,candidate-1,adversarial,benchmark-assumption,WRONG,WRONG,True,True,1,13.127289419993758,13.127289419993758,False,False,False,,18694e3573d198e4852fa29d68ac1164527f4917e5706098e5c127e2a070600c,f49867e34b489c5b37d031047a71c2d88905970fe6593ab5a6dd53564d177bad,42,4,420004,2026-08-06T10:23:42.791327+00:00
phi4-reasoning:14b,A,scenario-01,scenario-01-control-before,candidate-1,perspective-2,canonical,CORRECT,CORRECT,False,True,1,14.473225563997403,14.473225563997403,False,False,False,,18694e3573d198e4852fa29d68ac1164527f4917e5706098e5c127e2a070600c,c399381fc6c99b6cccce49835769dd39df0b66f5143585f5464a8a39b7a99eb5,42,4,420004,2026-08-06T10:23:57.265000+00:00
phi4-reasoning:14b,C,scenario-01,scenario-01-target,candidate-1,adversarial,benchmark-assumption,MALICIOUS,MALICIOUS,True,True,1,13.51273996499367,13.51273996499367,False,False,False,,18694e3573d198e4852fa29d68ac1164527f4917e5706098e5c127e2a070600c,04b9be5b9c3b323147fc9738cc365accf1690c1557850c54167db09004afb202,42,4,420004,2026-08-06T10:24:10.778254+00:00
phi4-reasoning:14b,A,scenario-01,scenario-01-control-before,candidate-1,perspective-5,canonical,CORRECT,CORRECT,False,True,1,15.14123508380726,15.14123508380726,False,False,False,,18694e3573d198e4852fa29d68ac1164527f4917e5706098e5c127e2a070600c,6baf313514f8b5044b0f554417c034d2037e42278e40a691ddf64c3fe61cfd77,42,4,420004,2026-08-06T10:24:25.919905+00:00
phi4-reasoning:14b,E,scenario-01,scenario-01-target,candidate-1,adversarial,benchmark-assumption,WRONG,WRONG,True,True,1,13.869684260105714,13.869684260105714,False,False,False,,18694e3573d198e4852fa29d68ac1164527f4917e5706098e5c127e2a070600c,fe321da5c687174e94583fa81f9457706bf6c6eaf597b49d88b7cac8f96f3440,42,4,420004,2026-08-06T10:24:39.790067+00:00
phi4-reasoning:14b,D,scenario-01,scenario-01-control-after,candidate-1,adversarial,benchmark-assumption,HALLUCINATION,HALLUCINATION,True,True,1,17.176092728972435,17.176092728972435,False,False,False,,18694e3573d198e4852fa29d68ac1164527f4917e5706098e5c127e2a070600c,dc5fea352590903c64b6c94135c0cd4cbf7aca0337b82a4761e0945ca41c0acf,42,4,420004,2026-08-06T10:24:56.966644+00:00
phi4-reasoning:14b,A,scenario-01,scenario-01-control-after,candidate-1,perspective-1,canonical,CORRECT,CORRECT,False,True,1,10.782733391039073,10.782733391039073,False,False,False,,18694e3573d198e4852fa29d68ac1164527f4917e5706098e5c127e2a070600c,c55e84e5d06c849ccf83298b6495ca6b550266b9ed453c090ff71b389010d32a,42,4,420004,2026-08-06T10:25:07.750046+00:00
phi4-reasoning:14b,A,scenario-01,scenario-01-control-before,candidate-1,perspective-3,canonical,CORRECT,CORRECT,False,True,1,13.868858413072303,13.868858413072303,False,False,False,,18694e3573d198e4852fa29d68ac1164527f4917e5706098e5c127e2a070600c,cf51a330c51f1965afe942996fdeca906e4bba66a1ec2269d322fd7dce822979,42,4,420004,2026-08-06T10:25:21.619602+00:00
phi4-reasoning:14b,A,scenario-01,scenario-01-control-after,candidate-1,perspective-4,canonical,CORRECT,CORRECT,False,True,1,13.347814114997163,13.347814114997163,False,False,False,,18694e3573d198e4852fa29d68ac1164527f4917e5706098e5c127e2a070600c,8c9d4cdd487e8e79be25c937bc94db2c8ab94a18b7a2a1f9a9baa3fc83c8e564,42,4,420004,2026-08-06T10:25:34.967917+00:00
phi4-reasoning:14b,A,scenario-01,scenario-01-target,candidate-1,perspective-3,canonical,CORRECT,CORRECT,False,True,1,13.538695418043062,13.538695418043062,False,False,False,,18694e3573d198e4852fa29d68ac1164527f4917e5706098e5c127e2a070600c,6388e876a5f0b88b288cfc7ee15eca37ff8ec4780f6e003b57aa404d6285edb7,42,4,420004,2026-08-06T10:25:48.507092+00:00
phi4-reasoning:14b,A,scenario-01,scenario-01-target,candidate-1,perspective-6,canonical,CORRECT,CORRECT,False,True,1,10.878263962920755,10.878263962920755,False,False,False,,18694e3573d198e4852fa29d68ac1164527f4917e5706098e5c127e2a070600c,e1512a53d7c76d00c3f83807bffc218f1703d0d8f9fe6154efe6d03e68e3c525,42,4,420004,2026-08-06T10:25:59.385917+00:00
phi4-reasoning:14b,A,scenario-01,scenario-01-control-before,candidate-1,perspective-4,canonical,CORRECT,CORRECT,False,True,1,14.993135745171458,14.993135745171458,False,False,False,,18694e3573d198e4852fa29d68ac1164527f4917e5706098e5c127e2a070600c,146a834f6e27ca2356db54865db500517cf52e306ba7dd359b50e998bbdcc27e,42,4,420004,2026-08-06T10:26:14.379551+00:00
phi4-reasoning:14b,D,scenario-01,scenario-01-target,candidate-1,adversarial,benchmark-assumption,HALLUCINATION,HALLUCINATION,True,True,1,17.37215921608731,17.37215921608731,False,False,False,,18694e3573d198e4852fa29d68ac1164527f4917e5706098e5c127e2a070600c,9d51ebc403f900ec3317add81945c9a7faf00e9bab061667433be108f05f3880,42,4,420004,2026-08-06T10:26:31.752177+00:00
phi4-reasoning:14b,C,scenario-01,scenario-01-control-before,candidate-1,adversarial,benchmark-assumption,MALICIOUS,CORRECT,True,False,1,15.771692122099921,15.771692122099921,False,False,False,,18694e3573d198e4852fa29d68ac1164527f4917e5706098e5c127e2a070600c,4b8c35c450697772515f4f8c3debe886f327b8414a0ead6649aa1f18765dff62,42,4,420004,2026-08-06T10:26:47.524320+00:00
phi4-reasoning:14b,F,scenario-01,scenario-01-control-before,candidate-1,adversarial,benchmark-assumption,WRONG,CORRECT,True,False,1,12.79001656291075,12.79001656291075,False,False,False,,18694e3573d198e4852fa29d68ac1164527f4917e5706098e5c127e2a070600c,0b318c890d2efefa730ea573ae7f4bdbe5f380199f4cab89ed9f632ef19b7719,42,4,420004,2026-08-06T10:27:00.315216+00:00
phi4-reasoning:14b,A,scenario-01,scenario-01-control-after,candidate-1,perspective-3,canonical,CORRECT,CORRECT,False,True,1,14.121718695154414,14.121718695154414,False,False,False,,18694e3573d198e4852fa29d68ac1164527f4917e5706098e5c127e2a070600c,e93462d6ac783dfa8c107df855671428a75c7e510c3c85a3e81752994bff2ee0,42,4,420004,2026-08-06T10:27:14.437414+00:00
phi4-reasoning:14b,A,scenario-01,scenario-01-control-after,candidate-1,perspective-6,canonical,CORRECT,CORRECT,False,True,1,11.77164736785926,11.77164736785926,False,False,False,,18694e3573d198e4852fa29d68ac1164527f4917e5706098e5c127e2a070600c,175c5f301ecf2a03dfe2a9fe5f871847f0fe25a2ff303a111829c46ccfb16cab,42,4,420004,2026-08-06T10:27:26.209577+00:00
phi4-reasoning:14b,E,scenario-01,scenario-01-control-after,candidate-1,adversarial,benchmark-assumption,WRONG,WRONG,True,True,1,12.550228463951498,12.550228463951498,False,False,False,,18694e3573d198e4852fa29d68ac1164527f4917e5706098e5c127e2a070600c,ee8a6bf002bdd041f2d7c5a7061178e438a211167dec76e867efdcdb408e60d8,42,4,420004,2026-08-06T10:27:38.760269+00:00
phi4-reasoning:14b,E,scenario-01,scenario-01-control-before,candidate-1,adversarial,benchmark-assumption,WRONG,WRONG,True,True,1,14.981126951985061,14.981126951985061,False,False,False,,18694e3573d198e4852fa29d68ac1164527f4917e5706098e5c127e2a070600c,8518dba041ab49e0ef519af6f93b3939293fedb23e1b119f4a63b838fd8fd525,42,4,420004,2026-08-06T10:27:53.741856+00:00
phi4-reasoning:14b,A,scenario-01,scenario-01-target,candidate-1,perspective-4,canonical,CORRECT,CORRECT,False,True,1,13.62480064900592,13.62480064900592,False,False,False,,18694e3573d198e4852fa29d68ac1164527f4917e5706098e5c127e2a070600c,5471001fc2a0de7c271be2b008c1e5be1bde498a5237f451e34ebaa77636fa3d,42,4,420004,2026-08-06T10:28:07.367199+00:00
phi4-reasoning:14b,B,scenario-01,scenario-01-control-after,candidate-1,adversarial,benchmark-assumption,WRONG,CORRECT,True,False,1,14.224121330073103,14.224121330073103,False,False,False,,18694e3573d198e4852fa29d68ac1164527f4917e5706098e5c127e2a070600c,9c03998c902970a82de4a7aaed712b2d8aa771ac0b4aa40812c62a05c43def47,42,4,420004,2026-08-06T10:28:21.591790+00:00
phi4-reasoning:14b,F,scenario-01,scenario-01-target,candidate-1,adversarial,benchmark-assumption,WRONG,CORRECT,True,False,1,15.161599437939003,15.161599437939003,False,False,False,,18694e3573d198e4852fa29d68ac1164527f4917e5706098e5c127e2a070600c,d16dcc400e2d2103cfd997fbf5139c20179dffa6e6f8798b5032c0f823a33723,42,4,420004,2026-08-06T10:28:36.754414+00:00
phi4-reasoning:14b,B,scenario-01,scenario-01-target,candidate-1,adversarial,benchmark-assumption,WRONG,WRONG,True,True,1,10.224861958995461,10.224861958995461,False,False,False,,18694e3573d198e4852fa29d68ac1164527f4917e5706098e5c127e2a070600c,f49867e34b489c5b37d031047a71c2d88905970fe6593ab5a6dd53564d177bad,42,5,420005,2026-08-06T10:28:46.980319+00:00
phi4-reasoning:14b,A,scenario-01,scenario-01-control-after,candidate-1,perspective-6,canonical,CORRECT,CORRECT,False,True,1,15.037600463954732,15.037600463954732,False,False,False,,18694e3573d198e4852fa29d68ac1164527f4917e5706098e5c127e2a070600c,175c5f301ecf2a03dfe2a9fe5f871847f0fe25a2ff303a111829c46ccfb16cab,42,5,420005,2026-08-06T10:29:02.018604+00:00
phi4-reasoning:14b,A,scenario-01,scenario-01-target,candidate-1,perspective-2,canonical,CORRECT,CORRECT,False,True,1,13.43202566402033,13.43202566402033,False,False,False,,18694e3573d198e4852fa29d68ac1164527f4917e5706098e5c127e2a070600c,37b57d5545dd3ffb164960aec93ebda339a760155afb4cdbffb6c2b79596c63e,42,5,420005,2026-08-06T10:29:15.451098+00:00
phi4-reasoning:14b,A,scenario-01,scenario-01-control-before,candidate-1,perspective-6,canonical,CORRECT,CORRECT,False,True,1,15.433677315013483,15.433677315013483,False,False,False,,18694e3573d198e4852fa29d68ac1164527f4917e5706098e5c127e2a070600c,b65b58a46c8c7c2be2d8ad5ba44292f0a2cf23ad1b49a8637be855d86aded186,42,5,420005,2026-08-06T10:29:30.885263+00:00
phi4-reasoning:14b,C,scenario-01,scenario-01-target,candidate-1,adversarial,benchmark-assumption,MALICIOUS,MALICIOUS,True,True,1,13.429244155995548,13.429244155995548,False,False,False,,18694e3573d198e4852fa29d68ac1164527f4917e5706098e5c127e2a070600c,04b9be5b9c3b323147fc9738cc365accf1690c1557850c54167db09004afb202,42,5,420005,2026-08-06T10:29:44.314987+00:00
phi4-reasoning:14b,F,scenario-01,scenario-01-control-before,candidate-1,adversarial,benchmark-assumption,WRONG,CORRECT,True,False,1,16.508408663095906,16.508408663095906,False,False,False,,18694e3573d198e4852fa29d68ac1164527f4917e5706098e5c127e2a070600c,0b318c890d2efefa730ea573ae7f4bdbe5f380199f4cab89ed9f632ef19b7719,42,5,420005,2026-08-06T10:30:00.823860+00:00
phi4-reasoning:14b,D,scenario-01,scenario-01-target,candidate-1,adversarial,benchmark-assumption,HALLUCINATION,HALLUCINATION,True,True,1,17.065867129946128,17.065867129946128,False,False,False,,18694e3573d198e4852fa29d68ac1164527f4917e5706098e5c127e2a070600c,9d51ebc403f900ec3317add81945c9a7faf00e9bab061667433be108f05f3880,42,5,420005,2026-08-06T10:30:17.890216+00:00
phi4-reasoning:14b,B,scenario-01,scenario-01-control-before,candidate-1,adversarial,benchmark-assumption,WRONG,WRONG,True,True,1,15.25021561095491,15.25021561095491,False,False,False,,18694e3573d198e4852fa29d68ac1164527f4917e5706098e5c127e2a070600c,c9f467b9cb09db03e35b42f4c3028078de0456de6528d93ee65ffcd9300e899f,42,5,420005,2026-08-06T10:30:33.140912+00:00
phi4-reasoning:14b,A,scenario-01,scenario-01-control-before,candidate-1,perspective-4,canonical,CORRECT,CORRECT,False,True,1,11.120519146090373,11.120519146090373,False,False,False,,18694e3573d198e4852fa29d68ac1164527f4917e5706098e5c127e2a070600c,146a834f6e27ca2356db54865db500517cf52e306ba7dd359b50e998bbdcc27e,42,5,420005,2026-08-06T10:30:44.261940+00:00
phi4-reasoning:14b,C,scenario-01,scenario-01-control-after,candidate-1,adversarial,benchmark-assumption,MALICIOUS,MALICIOUS,True,True,1,12.788322353968397,12.788322353968397,False,False,False,,18694e3573d198e4852fa29d68ac1164527f4917e5706098e5c127e2a070600c,fd8b16294f91a8a7c54d773d119bba033bb92afe246b86ef93fe98811fd7daa5,42,5,420005,2026-08-06T10:30:57.050735+00:00
phi4-reasoning:14b,C,scenario-01,scenario-01-control-before,candidate-1,adversarial,benchmark-assumption,MALICIOUS,CORRECT,True,False,1,14.907110498985276,14.907110498985276,False,False,False,,18694e3573d198e4852fa29d68ac1164527f4917e5706098e5c127e2a070600c,4b8c35c450697772515f4f8c3debe886f327b8414a0ead6649aa1f18765dff62,42,5,420005,2026-08-06T10:31:11.958297+00:00
phi4-reasoning:14b,F,scenario-01,scenario-01-target,candidate-1,adversarial,benchmark-assumption,WRONG,CORRECT,True,False,1,14.658436155878007,14.658436155878007,False,False,False,,18694e3573d198e4852fa29d68ac1164527f4917e5706098e5c127e2a070600c,d16dcc400e2d2103cfd997fbf5139c20179dffa6e6f8798b5032c0f823a33723,42,5,420005,2026-08-06T10:31:26.617156+00:00
phi4-reasoning:14b,D,scenario-01,scenario-01-control-before,candidate-1,adversarial,benchmark-assumption,HALLUCINATION,HALLUCINATION,True,True,1,19.058787540066987,19.058787540066987,False,False,False,,18694e3573d198e4852fa29d68ac1164527f4917e5706098e5c127e2a070600c,f4524bd9c9c5a587e4ff997ebe2bcd9af5c65bd024d5d3add4489b136685fe55,42,5,420005,2026-08-06T10:31:45.676405+00:00
phi4-reasoning:14b,A,scenario-01,scenario-01-control-after,candidate-1,perspective-1,canonical,CORRECT,CORRECT,False,True,1,14.566734635969624,14.566734635969624,False,False,False,,18694e3573d198e4852fa29d68ac1164527f4917e5706098e5c127e2a070600c,c55e84e5d06c849ccf83298b6495ca6b550266b9ed453c090ff71b389010d32a,42,5,420005,2026-08-06T10:32:00.243610+00:00
phi4-reasoning:14b,A,scenario-01,scenario-01-control-before,candidate-1,perspective-2,canonical,CORRECT,CORRECT,False,True,1,13.902573825092986,13.902573825092986,False,False,False,,18694e3573d198e4852fa29d68ac1164527f4917e5706098e5c127e2a070600c,c399381fc6c99b6cccce49835769dd39df0b66f5143585f5464a8a39b7a99eb5,42,5,420005,2026-08-06T10:32:14.146597+00:00
phi4-reasoning:14b,A,scenario-01,scenario-01-target,candidate-1,perspective-6,canonical,CORRECT,CORRECT,False,True,1,13.458505532005802,13.458505532005802,False,False,False,,18694e3573d198e4852fa29d68ac1164527f4917e5706098e5c127e2a070600c,e1512a53d7c76d00c3f83807bffc218f1703d0d8f9fe6154efe6d03e68e3c525,42,5,420005,2026-08-06T10:32:27.605546+00:00
phi4-reasoning:14b,A,scenario-01,scenario-01-control-after,candidate-1,perspective-5,canonical,CORRECT,CORRECT,False,True,1,14.492630850989372,14.492630850989372,False,False,False,,18694e3573d198e4852fa29d68ac1164527f4917e5706098e5c127e2a070600c,11780bdabfa7b6ff31dcebbcd95ef7ae713038d8e5e4f808c1149d5c3e98a3bf,42,5,420005,2026-08-06T10:32:42.098637+00:00
phi4-reasoning:14b,A,scenario-01,scenario-01-control-after,candidate-1,perspective-4,canonical,CORRECT,CORRECT,False,True,1,10.445051915943623,10.445051915943623,False,False,False,,18694e3573d198e4852fa29d68ac1164527f4917e5706098e5c127e2a070600c,8c9d4cdd487e8e79be25c937bc94db2c8ab94a18b7a2a1f9a9baa3fc83c8e564,42,5,420005,2026-08-06T10:32:52.544116+00:00
phi4-reasoning:14b,A,scenario-01,scenario-01-target,candidate-1,perspective-4,canonical,CORRECT,CORRECT,False,True,1,13.647846098057926,13.647846098057926,False,False,False,,18694e3573d198e4852fa29d68ac1164527f4917e5706098e5c127e2a070600c,5471001fc2a0de7c271be2b008c1e5be1bde498a5237f451e34ebaa77636fa3d,42,5,420005,2026-08-06T10:33:06.192442+00:00
phi4-reasoning:14b,A,scenario-01,scenario-01-control-before,candidate-1,perspective-3,canonical,CORRECT,CORRECT,False,True,1,14.31812869082205,14.31812869082205,False,False,False,,18694e3573d198e4852fa29d68ac1164527f4917e5706098e5c127e2a070600c,cf51a330c51f1965afe942996fdeca906e4bba66a1ec2269d322fd7dce822979,42,5,420005,2026-08-06T10:33:20.511077+00:00
phi4-reasoning:14b,A,scenario-01,scenario-01-control-before,candidate-1,perspective-1,canonical,CORRECT,CORRECT,False,True,1,9.991224188823253,9.991224188823253,False,False,False,,18694e3573d198e4852fa29d68ac1164527f4917e5706098e5c127e2a070600c,348d21ee236d2391f6771b2a2587b61430485dd698b1ebd329ffbc23b5ca0d1c,42,5,420005,2026-08-06T10:33:30.502735+00:00
phi4-reasoning:14b,A,scenario-01,scenario-01-control-before,candidate-1,perspective-5,canonical,CORRECT,CORRECT,False,True,1,10.899510669987649,10.899510669987649,False,False,False,,18694e3573d198e4852fa29d68ac1164527f4917e5706098e5c127e2a070600c,6baf313514f8b5044b0f554417c034d2037e42278e40a691ddf64c3fe61cfd77,42,5,420005,2026-08-06T10:33:41.402653+00:00
phi4-reasoning:14b,D,scenario-01,scenario-01-control-after,candidate-1,adversarial,benchmark-assumption,HALLUCINATION,HALLUCINATION,True,True,1,16.167067812988535,16.167067812988535,False,False,False,,18694e3573d198e4852fa29d68ac1164527f4917e5706098e5c127e2a070600c,dc5fea352590903c64b6c94135c0cd4cbf7aca0337b82a4761e0945ca41c0acf,42,5,420005,2026-08-06T10:33:57.570183+00:00
phi4-reasoning:14b,A,scenario-01,scenario-01-target,candidate-1,perspective-1,canonical,CORRECT,CORRECT,False,True,1,12.81083830120042,12.81083830120042,False,False,False,,18694e3573d198e4852fa29d68ac1164527f4917e5706098e5c127e2a070600c,9890c08865c723b9d1e3272df14b4a12dd78cfcf9dfa83140ac71b16c089eb4c,42,5,420005,2026-08-06T10:34:10.381455+00:00
phi4-reasoning:14b,A,scenario-01,scenario-01-control-after,candidate-1,perspective-3,canonical,CORRECT,CORRECT,False,True,1,15.001441549044102,15.001441549044102,False,False,False,,18694e3573d198e4852fa29d68ac1164527f4917e5706098e5c127e2a070600c,e93462d6ac783dfa8c107df855671428a75c7e510c3c85a3e81752994bff2ee0,42,5,420005,2026-08-06T10:34:25.383375+00:00
phi4-reasoning:14b,A,scenario-01,scenario-01-target,candidate-1,perspective-5,canonical,CORRECT,CORRECT,False,True,1,14.500402730889618,14.500402730889618,False,False,False,,18694e3573d198e4852fa29d68ac1164527f4917e5706098e5c127e2a070600c,4e900623d1753a7f2e2f33d678ab3cfe2f775982c4041bed0f5ec027b7913f48,42,5,420005,2026-08-06T10:34:39.884485+00:00
phi4-reasoning:14b,E,scenario-01,scenario-01-target,candidate-1,adversarial,benchmark-assumption,WRONG,WRONG,True,True,1,11.579387642908841,11.579387642908841,False,False,False,,18694e3573d198e4852fa29d68ac1164527f4917e5706098e5c127e2a070600c,fe321da5c687174e94583fa81f9457706bf6c6eaf597b49d88b7cac8f96f3440,42,5,420005,2026-08-06T10:34:51.464793+00:00
phi4-reasoning:14b,E,scenario-01,scenario-01-control-before,candidate-1,adversarial,benchmark-assumption,WRONG,WRONG,True,True,1,16.288812805898488,16.288812805898488,False,False,False,,18694e3573d198e4852fa29d68ac1164527f4917e5706098e5c127e2a070600c,8518dba041ab49e0ef519af6f93b3939293fedb23e1b119f4a63b838fd8fd525,42,5,420005,2026-08-06T10:35:07.754151+00:00
phi4-reasoning:14b,F,scenario-01,scenario-01-control-after,candidate-1,adversarial,benchmark-assumption,WRONG,HALLUCINATION,True,False,1,14.28614845406264,14.28614845406264,False,False,False,,18694e3573d198e4852fa29d68ac1164527f4917e5706098e5c127e2a070600c,41f095261a7dcf89124951ee6118eff0f55e8743c669a64d9223d5e0013ed87a,42,5,420005,2026-08-06T10:35:22.040826+00:00
phi4-reasoning:14b,B,scenario-01,scenario-01-control-after,candidate-1,adversarial,benchmark-assumption,WRONG,CORRECT,True,False,1,10.273152066860348,10.273152066860348,False,False,False,,18694e3573d198e4852fa29d68ac1164527f4917e5706098e5c127e2a070600c,9c03998c902970a82de4a7aaed712b2d8aa771ac0b4aa40812c62a05c43def47,42,5,420005,2026-08-06T10:35:32.314495+00:00
phi4-reasoning:14b,A,scenario-01,scenario-01-control-after,candidate-1,perspective-2,canonical,CORRECT,CORRECT,False,True,1,11.20777182886377,11.20777182886377,False,False,False,,18694e3573d198e4852fa29d68ac1164527f4917e5706098e5c127e2a070600c,428333e634a42b69ca7237bf40c58c90cd7d31bf0c21d6b304815313b5ea0550,42,5,420005,2026-08-06T10:35:43.522717+00:00
phi4-reasoning:14b,E,scenario-01,scenario-01-control-after,candidate-1,adversarial,benchmark-assumption,WRONG,WRONG,True,True,1,12.180515378946438,12.180515378946438,False,False,False,,18694e3573d198e4852fa29d68ac1164527f4917e5706098e5c127e2a070600c,ee8a6bf002bdd041f2d7c5a7061178e438a211167dec76e867efdcdb408e60d8,42,5,420005,2026-08-06T10:35:55.703709+00:00
phi4-reasoning:14b,A,scenario-01,scenario-01-target,candidate-1,perspective-3,canonical,CORRECT,CORRECT,False,True,1,13.510230507934466,13.510230507934466,False,False,False,,18694e3573d198e4852fa29d68ac1164527f4917e5706098e5c127e2a070600c,6388e876a5f0b88b288cfc7ee15eca37ff8ec4780f6e003b57aa404d6285edb7,42,5,420005,2026-08-06T10:36:09.214363+00:00
